,Unnamed: 0_x,employee_id,title,last,first,manager_id,function,department,location,age,sex,ethnicity,employment_status,tenure,tenure_id,alignment,development,enablement,engagement,leadership,overall,Unnamed: 0_y,year_of_birth,time_on_the_job
0,0,343,CEO,Duran,Veronica,,CEO,Leadership,"Mountain View, CA",35 - 44,F,hispanic,Full time,1 to less than 2 years,2,0.7999999999999999,0.6666666666666666,0.7333333333333334,0.68,0.7333333333333334,0.7226666666666668,0,1978,23
1,1,203,Administrative Assistant,Thompson,Anne,343.0,CEO,Leadership,"Mountain View, CA",45 - 54,F,white,Full time,2 to less than 4 years,3,0.7999999999999999,0.9333333333333332,0.9333333333333332,0.8,0.8666666666666667,0.8666666666666668,1,1976,38
2,2,11,VP Engineering,Xiong,Steven,343.0,CEO,Engineering,"Mountain View, CA",35 - 44,M,asian,Full time,4 to less than 6 years,4,0.9333333333333332,0.8666666666666667,1.0,0.8400000000000001,1.0,0.928,2,1983,70
3,3,707,Administrative Assistant,Sanchez,Carolyn,11.0,CEO,Engineering,"Mountain View, CA",45 - 54,F,hispanic,Full time,less than 6 months,0,0.7333333333333334,0.8000000000000002,0.6666666666666666,0.76,0.4666666666666666,0.6853333333333333,3,1970,4
4,4,417,Chief Technology Officer,Deleon,Amanda,343.0,CEO,Advanced Technology,"Mountain View, CA",35 - 44,F,asian,Full time,1 to less than 2 years,2,0.9333333333333332,0.5333333333333333,0.7333333333333334,0.8,0.8666666666666667,0.7733333333333333,4,1977,20
5,5,484,Administrative Assistant,Vang,Portia,417.0,CEO,Advanced Technology,"Mountain View, CA",25 - 34,F,asian,Full time,1 to less than 2 years,2,0.6666666666666666,0.7333333333333334,0.8000000000000002,0.76,0.8000000000000002,0.752,5,1989,16
6,6,18,VP of Loan Operations,Myers,Tamara,343.0,CEO,Loan Operations,"New York, NY",45 - 54,F,white,Full time,4 to less than 6 years,4,1.0,0.8666666666666667,1.0,0.8799999999999999,1.0,0.9493333333333333,6,1975,69
7,7,737,Administrative Assistant,Jones,Kathleen,18.0,CEO,Loan Operations,"New York, NY",25 - 34,F,mixed_race,Full time,less than 6 months,0,0.6666666666666666,0.6666666666666666,0.5333333333333333,0.68,0.6,0.6293333333333334,7,1992,2
8,8,736,Chief Financial Officer,Anderson,Kevin,343.0,CEO,Finance & Admin,"Mountain View, CA",55 - 64,M,white,Full time,less than 6 months,0,0.6666666666666666,0.6,0.7999999999999999,0.8,0.9333333333333332,0.7599999999999999,8,1962,2
9,9,696,Administrative Assistant,Lopez,Judith,736.0,CEO,Finance & Admin,"Mountain View, CA",25 - 34,F,hispanic,Full time,less than 6 months,0,0.7333333333333334,0.6666666666666666,0.6666666666666666,0.68,0.7999999999999999,0.7093333333333333,9,1987,5
10,10,70,VP of Marketing,Mitchell,Douglas,343.0,CEO,Marketing,"New York, NY",45 - 54,M,white,Full time,4 to less than 6 years,4,0.8666666666666667,0.8666666666666667,0.9333333333333332,0.8,0.9333333333333332,0.8800000000000001,10,1973,57
11,11,508,Administrative Assistant,Stevenson,Georgia,70.0,CEO,Marketing,"New York, NY",25 - 34,F,white,Full time,1 to less than 2 years,2,0.6666666666666666,0.6000000000000001,0.6,0.76,0.8000000000000002,0.6853333333333335,11,1996,16
12,12,82,VP of Product,Moon,John,343.0,CEO,Product,"Mountain View, CA",45 - 54,M,asian,Full time,4 to less than 6 years,4,0.8666666666666667,0.8666666666666667,0.7333333333333334,0.8400000000000001,1.0,0.8613333333333333,12,1975,54
13,13,388,Administrative Assistant,Ryan,Kayla,82.0,CEO,Product,"Mountain View, CA",25 - 34,F,white,Full time,1 to less than 2 years,2,0.6666666666666666,0.6666666666666666,0.8666666666666667,0.8,0.8666666666666667,0.7733333333333333,13,1989,21
14,14,225,VP of Lender Relations,Wang,Michael,343.0,CEO,Loan Operations,"New York, NY",35 - 44,M,asian,Full time,2 to less than 4 years,3,0.8666666666666667,0.6,0.7999999999999999,0.8,0.9333333333333332,0.7999999999999999,14,1979,35
15,15,45,Administrative Assistant,Rice,Elisha,225.0,CEO,Loan Operations,"New York, NY",35 - 44,F,white,Full time,4 to less than 6 years,4,0.9333333333333332,0.8666666666666667,0.9333333333333332,0.8799999999999999,0.8000000000000002,0.8826666666666666,15,1979,63
16,16,260,Chief Compliance Officer,Sanders,Cortney,343.0,CEO,Compliance,"Mountain View, CA",35 - 44,M,white,Full time,2 to less than 4 years,3,0.7999999999999999,0.7333333333333334,0.8666666666666667,0.8,0.9333333333333332,0.8266666666666668,16,1979,30
17,17,454,Administrative Assistant,Howard,Victoria,260.0,CEO,Compliance,"Mountain View, CA",65+,F,african_american,Full time,1 to less than 2 years,2,0.7333333333333334,0.4000000000000001,0.6,0.7200000000000001,0.6,0.6106666666666667,17,1956,18
18,18,68,Director of Engineering,Liu,Dakota,11.0,Engineering,Back End,"Mountain View, CA",25 - 34,M,asian,Full time,4 to less than 6 years,4,0.8666666666666667,0.8666666666666667,0.7999999999999999,0.8799999999999999,0.8666666666666667,0.8559999999999999,18,1992,57
19,19,14,Engineer,Nguyen,Terri,68.0,Engineering,Back End,"Mountain View, CA",45 - 54,F,asian,Full time,4 to less than 6 years,4,0.8666666666666667,0.7333333333333334,1.0,0.8,0.9333333333333332,0.8666666666666668,19,1971,70
20,20,326,Director of Engineering,Chan,Robert,11.0,Engineering,Algorithm Development,"Mountain View, CA",35 - 44,M,asian,Full time,1 to less than 2 years,2,0.7333333333333334,0.6666666666666666,0.8000000000000002,0.8,0.8666666666666667,0.7733333333333333,20,1978,24
21,21,149,Director of Engineering,Carroll,Sean,11.0,Engineering,Front End,"Mountain View, CA",45 - 54,M,white,Full time,2 to less than 4 years,3,0.8666666666666667,0.6666666666666666,0.8666666666666667,0.8400000000000001,1.0,0.8480000000000001,21,1974,45
22,22,465,Engineer,Jones,Nathan,149.0,Engineering,Front End,"Mountain View, CA",18 - 24,M,white,Full time,1 to less than 2 years,2,0.6666666666666666,0.7333333333333334,0.7333333333333334,0.8,0.9333333333333332,0.7733333333333333,22,2002,18
23,23,580,Director of Engineering,Truong,Iesha,11.0,Engineering,Security,"Mountain View, CA",45 - 54,F,asian,Full time,1 to less than 2 years,2,0.8000000000000002,0.6666666666666666,0.9333333333333332,0.8,0.8000000000000002,0.8,23,1976,12
24,24,366,Director of Engineering,Santos,Morgan,11.0,Engineering,Full Stack,"Mountain View, CA",35 - 44,M,asian,Full time,1 to less than 2 years,2,0.8000000000000002,0.6666666666666666,0.7999999999999999,0.8400000000000001,0.8666666666666667,0.7946666666666666,24,1981,21
25,25,455,Engineer,Lin,Taylor,366.0,Engineering,Full Stack,"Mountain View, CA",25 - 34,F,asian,Full time,1 to less than 2 years,2,0.8000000000000002,0.6666666666666666,0.6666666666666666,0.76,0.8666666666666667,0.752,25,1993,18
26,26,445,Chief Engineer,Davis,Jesse,366.0,Engineering,Full Stack,"Mountain View, CA",35 - 44,M,white,Full time,1 to less than 2 years,2,0.8000000000000002,0.5333333333333333,0.7999999999999999,0.8400000000000001,0.8666666666666667,0.768,26,1984,18
27,27,206,Engineer,Castillo,Jason,366.0,Engineering,Full Stack,"Mountain View, CA",45 - 54,M,mixed_race,Full time,2 to less than 4 years,3,0.8666666666666667,0.7333333333333334,0.7333333333333334,0.8,0.7333333333333334,0.7733333333333334,27,1974,38
28,28,288,Chief Engineer,Lewis,David,366.0,Engineering,Full Stack,"Mountain View, CA",25 - 34,M,white,Full time,2 to less than 4 years,3,0.8666666666666667,0.5333333333333333,0.8000000000000002,0.8799999999999999,0.8666666666666667,0.7893333333333333,28,1995,27
29,29,583,Engineer,Young,Brian,366.0,Engineering,Full Stack,"Mountain View, CA",35 - 44,M,white,Full time,1 to less than 2 years,2,0.6666666666666666,0.7333333333333334,0.7999999999999999,0.8400000000000001,1.0,0.808,29,1984,12
30,30,419,Engineer,Hunt,Tanner,366.0,Engineering,Full Stack,"Mountain View, CA",25 - 34,M,white,Full time,1 to less than 2 years,2,0.6666666666666666,0.6666666666666666,0.7999999999999999,0.8799999999999999,0.8666666666666667,0.776,30,1988,19
31,31,482,Senior Engineer,Padilla,Leonard,366.0,Engineering,Full Stack,"Mountain View, CA",35 - 44,M,mixed_race,Full time,1 to less than 2 years,2,0.6,0.7333333333333334,0.7333333333333334,0.72,0.7333333333333334,0.7040000000000001,31,1981,17
32,32,210,Senior Engineer,Mercado,Patrick,366.0,Engineering,Full Stack,"Mountain View, CA",35 - 44,M,hispanic,Part time,2 to less than 4 years,3,0.8666666666666667,0.6,0.7333333333333334,0.8,0.7333333333333334,0.7466666666666667,32,1985,37
33,33,246,Chief Architect,Meyer,Michael,417.0,Advanced Technology,Product Architechture,"Mountain View, CA",35 - 44,M,white,Full time,2 to less than 4 years,3,0.7333333333333334,0.6666666666666666,1.0,0.8400000000000001,1.0,0.8480000000000001,33,1981,32
34,34,730,Product Architect,Foster,Kristopher,246.0,Advanced Technology,Product Architechture,"Mountain View, CA",25 - 34,M,mixed_race,Full time,less than 6 months,0,0.6666666666666666,0.8666666666666667,0.7333333333333334,0.7200000000000001,0.6666666666666666,0.7306666666666667,34,1994,2
35,35,735,Product Architect,Johnson,John,246.0,Advanced Technology,Product Architechture,"Mountain View, CA",45 - 54,M,white,Part time,less than 6 months,0,0.6666666666666666,0.4666666666666666,0.8000000000000002,0.8400000000000001,0.9333333333333332,0.7413333333333333,35,1969,2
36,36,109,Product Architect,Tran,Terry,246.0,Advanced Technology,Product Architechture,"Mountain View, CA",45 - 54,M,asian,Full time,4 to less than 6 years,4,0.8666666666666667,0.7999999999999999,0.7333333333333334,0.8,0.8666666666666667,0.8133333333333332,36,1972,49
37,37,578,Senior Product Architect,Kim,Robert,246.0,Advanced Technology,Product Architechture,"Mountain View, CA",35 - 44,M,asian,Part time,1 to less than 2 years,2,0.6000000000000001,0.6666666666666666,0.7999999999999999,0.8400000000000001,0.8666666666666667,0.7546666666666666,37,1977,13
38,38,125,Product Architect,Moon,Patrick,246.0,Advanced Technology,Product Architechture,"Mountain View, CA",35 - 44,M,asian,Full time,2 to less than 4 years,3,0.7333333333333334,0.7333333333333334,0.7999999999999999,0.8,0.8666666666666667,0.7866666666666666,38,1983,47
39,39,528,Senior Product Architect,Joseph,Katrina,246.0,Advanced Technology,Product Architechture,"Mountain View, CA",55 - 64,F,asian,Full time,1 to less than 2 years,2,0.7999999999999999,0.6666666666666666,0.7333333333333334,0.76,0.7333333333333334,0.7386666666666667,39,1965,15
40,40,594,Product Architect,Singh,Emmanuel,246.0,Advanced Technology,Product Architechture,"Mountain View, CA",25 - 34,M,asian,Full time,6 months to less than 1 year,1,0.6666666666666666,0.6666666666666666,0.8666666666666667,0.76,0.8666666666666667,0.7653333333333333,40,1989,12
41,41,600,Director of VA Loans,Hernandez,Isaac,18.0,Loan Operations,VA Loans,"New York, NY",45 - 54,M,mixed_race,Full time,6 months to less than 1 year,1,0.7333333333333334,0.8000000000000002,0.5333333333333333,0.72,0.8000000000000002,0.7173333333333335,41,1973,12
42,42,316,Loan Officer,Garcia,Kelley,600.0,Loan Operations,VA Loans,"New York, NY",45 - 54,F,hispanic,Part time,2 to less than 4 years,3,0.7333333333333334,0.4666666666666666,0.5333333333333333,0.7200000000000001,0.6666666666666666,0.624,43,1968,24
43,43,105,Loan Officer,Adams,Sheila,600.0,Loan Operations,VA Loans,"New York, NY",45 - 54,F,african_american,Full time,4 to less than 6 years,4,0.9333333333333332,0.7333333333333334,0.6666666666666666,0.64,0.7999999999999999,0.7546666666666666,44,1976,49
44,44,154,Loan Officer,Acosta,Patrick,600.0,Loan Operations,VA Loans,"New York, NY",45 - 54,M,hispanic,Part time,2 to less than 4 years,3,0.7333333333333334,0.7333333333333334,0.7333333333333334,0.68,0.6666666666666666,0.7093333333333334,46,1970,45
45,45,335,Director of FHA Loans,Cook,Noel,18.0,Loan Operations,FHA Loans,"New York, NY",18 - 24,M,african_american,Part time,1 to less than 2 years,2,0.8666666666666667,0.6666666666666666,0.6,0.7200000000000001,0.7333333333333334,0.7173333333333334,47,2000,23
46,46,593,Loan Officer,Nguyen,Brian,335.0,Loan Operations,FHA Loans,"New York, NY",35 - 44,M,asian,Full time,1 to less than 2 years,2,0.7333333333333334,0.6666666666666666,0.5333333333333333,0.68,0.7333333333333334,0.6693333333333333,48,1983,12
47,47,304,Loan Officer,Wilson,Mariah,335.0,Loan Operations,FHA Loans,"New York, NY",25 - 34,F,white,Part time,2 to less than 4 years,3,0.8000000000000002,0.6666666666666666,0.7333333333333334,0.76,0.8666666666666667,0.7653333333333333,49,1996,25
48,48,588,Senior Loan Officer,Rhodes,Anny,335.0,Loan Operations,FHA Loans,"New York, NY",35 - 44,F,white,Part time,1 to less than 2 years,2,0.8666666666666667,0.3333333333333333,0.8666666666666667,0.8,0.8666666666666667,0.7466666666666666,50,1985,12
49,49,373,Senior Loan Officer,Ross,Alex,335.0,Loan Operations,FHA Loans,"New York, NY",35 - 44,M,white,Full time,1 to less than 2 years,2,0.7333333333333334,0.6666666666666666,0.7333333333333334,0.8,0.7333333333333334,0.7333333333333334,51,1977,21
50,50,144,Loan Officer,Jones,Michael,335.0,Loan Operations,FHA Loans,"New York, NY",18 - 24,M,white,Part time,2 to less than 4 years,3,0.7333333333333334,0.4666666666666666,0.8666666666666667,0.8,1.0,0.7733333333333332,52,1997,46
51,51,199,Senior Loan Officer,Allen,Timothy,335.0,Loan Operations,FHA Loans,"New York, NY",35 - 44,M,white,Full time,2 to less than 4 years,3,0.9333333333333332,0.6666666666666666,0.8000000000000002,0.8400000000000001,0.7333333333333334,0.7946666666666667,53,1984,38
52,52,710,Loan Officer,Garcia,Phyllis,335.0,Loan Operations,FHA Loans,"New York, NY",65+,F,hispanic,Full time,less than 6 months,0,0.7333333333333334,0.6000000000000001,0.4666666666666667,0.68,0.5333333333333333,0.6026666666666667,54,1949,4
53,53,702,Loan Officer,Cole,Jeffrey,335.0,Loan Operations,FHA Loans,"New York, NY",45 - 54,M,african_american,Full time,less than 6 months,0,0.6666666666666666,0.6,0.6000000000000001,0.68,0.6,0.6293333333333334,55,1975,5
54,54,669,Director of West Coast Region,Hoffman,Eric,18.0,Loan Operations,West Coast Lending,"Mountain View, CA",45 - 54,M,white,Part time,6 months to less than 1 year,1,0.7999999999999999,0.6666666666666666,0.8000000000000002,0.8799999999999999,0.9333333333333332,0.8160000000000001,56,1975,6
55,55,533,Loan Officer,Johnson,Matthew,669.0,Loan Operations,West Coast Lending,"Mountain View, CA",35 - 44,M,african_american,Full time,1 to less than 2 years,2,0.7999999999999999,0.6,0.6,0.7200000000000001,0.7333333333333334,0.6906666666666668,57,1977,15
56,56,398,Loan Officer,Hamilton,Jeremy,669.0,Loan Operations,West Coast Lending,"Mountain View, CA",35 - 44,M,white,Part time,1 to less than 2 years,2,0.7333333333333334,0.6,0.7333333333333334,0.8,0.9333333333333332,0.76,58,1980,20
57,57,452,Loan Officer,Ali,Andrew,669.0,Loan Operations,West Coast Lending,"Mountain View, CA",35 - 44,M,mixed_race,Full time,1 to less than 2 years,2,0.7333333333333334,0.6666666666666666,0.6666666666666666,0.68,0.6666666666666666,0.6826666666666666,59,1982,18
58,58,540,Loan Officer,Holmes,Sandra,669.0,Loan Operations,West Coast Lending,"Mountain View, CA",45 - 54,F,white,Part time,1 to less than 2 years,2,0.9333333333333332,0.5333333333333333,0.7333333333333334,0.8,0.9333333333333332,0.7866666666666666,60,1975,14
59,59,255,Loan Officer,Berry,Gabriella,669.0,Loan Operations,West Coast Lending,"Mountain View, CA",18 - 24,F,white,Full time,2 to less than 4 years,3,0.7333333333333334,0.6000000000000001,0.7333333333333334,0.8400000000000001,0.9333333333333332,0.768,61,1999,31
60,60,725,Loan Officer,Brown,Mary,669.0,Loan Operations,West Coast Lending,"Mountain View, CA",35 - 44,F,white,Part time,less than 6 months,0,0.7333333333333334,0.6,0.8000000000000002,0.8400000000000001,0.8666666666666667,0.768,62,1979,2
61,61,765,Loan Officer,Morrow,Karina,669.0,Loan Operations,West Coast Lending,"Mountain View, CA",35 - 44,F,white,Full time,less than 6 months,0,0.8666666666666667,0.6666666666666666,0.7333333333333334,0.8,0.9333333333333332,0.7999999999999999,63,1981,0
62,62,91,Loan Officer,Ramirez,Malinda,669.0,Loan Operations,West Coast Lending,"Mountain View, CA",35 - 44,F,hispanic,Part time,4 to less than 6 years,4,0.9333333333333332,0.7333333333333334,0.7999999999999999,0.76,0.8666666666666667,0.8186666666666668,64,1977,54
63,63,480,Loan Officer,Jackson,Jacob,669.0,Loan Operations,West Coast Lending,"Mountain View, CA",18 - 24,M,white,Full time,1 to less than 2 years,2,0.7333333333333334,0.6666666666666666,0.6666666666666666,0.8400000000000001,0.9333333333333332,0.7679999999999999,65,2002,17
64,64,201,Director of East Coast Region,Barnes,Adrienne,18.0,Loan Operations,East Coast Lending,"New York, NY",35 - 44,F,white,Part time,2 to less than 4 years,3,0.7333333333333334,0.6,0.8000000000000002,0.8,1.0,0.7866666666666667,66,1986,38
65,65,538,Loan Officer,Arnold,Dustin,201.0,Loan Operations,East Coast Lending,"New York, NY",18 - 24,M,mixed_race,Full time,1 to less than 2 years,2,0.8000000000000002,0.6666666666666666,0.4666666666666666,0.6,0.6666666666666666,0.6399999999999999,67,1997,14
66,66,243,Loan Officer,Barber,Celia,201.0,Loan Operations,East Coast Lending,"New York, NY",18 - 24,F,african_american,Full time,2 to less than 4 years,3,0.8000000000000002,0.6,0.6,0.6,0.7333333333333334,0.6666666666666667,68,2002,33
67,67,221,Loan Officer,Williams,Sylvia,201.0,Loan Operations,East Coast Lending,"New York, NY",55 - 64,F,white,Part time,2 to less than 4 years,3,0.7333333333333334,0.5333333333333333,0.7999999999999999,0.8400000000000001,0.9333333333333332,0.7679999999999999,69,1960,36
68,68,50,Senior Loan Officer,Simon,Russell,201.0,Loan Operations,East Coast Lending,"New York, NY",35 - 44,M,white,Full time,4 to less than 6 years,4,0.7999999999999999,0.9333333333333332,0.9333333333333332,0.8,1.0,0.8933333333333333,70,1981,63
69,69,379,Senior Loan Officer,Lozano,Ronald,201.0,Loan Operations,East Coast Lending,"New York, NY",45 - 54,M,hispanic,Part time,1 to less than 2 years,2,0.6,0.6666666666666666,0.6000000000000001,0.68,0.5333333333333333,0.616,71,1969,21
70,70,147,Loan Officer,Castillo,Allan,201.0,Loan Operations,East Coast Lending,"New York, NY",25 - 34,M,hispanic,Full time,2 to less than 4 years,3,0.8666666666666667,0.7333333333333334,0.5333333333333333,0.68,0.6666666666666666,0.696,72,1994,46
71,71,224,Loan Officer,Foster,Gabriel,201.0,Loan Operations,East Coast Lending,"New York, NY",25 - 34,M,white,Full time,2 to less than 4 years,3,0.7999999999999999,0.7333333333333334,0.7333333333333334,0.76,0.7333333333333334,0.752,73,1987,36
72,72,768,Loan Officer,Garcia,Jasmine,201.0,Loan Operations,East Coast Lending,"New York, NY",25 - 34,F,hispanic,Full time,less than 6 months,0,0.8000000000000002,0.6666666666666666,0.4666666666666666,0.64,0.6000000000000001,0.6346666666666667,74,1993,0
73,73,10,Loan Officer,Scott,Iris,201.0,Loan Operations,East Coast Lending,"New York, NY",18 - 24,F,white,Full time,4 to less than 6 years,4,0.9333333333333332,0.8000000000000002,0.9333333333333332,0.8799999999999999,1.0,0.9093333333333332,75,2001,71
74,74,753,Loan Officer,Prince,Tabitha,201.0,Loan Operations,East Coast Lending,"New York, NY",35 - 44,F,white,Full time,less than 6 months,0,0.7333333333333334,0.8666666666666667,0.8666666666666667,0.8,0.8000000000000002,0.8133333333333332,76,1982,1
75,75,488,Senior Loan Officer,Anderson,Rudy,201.0,Loan Operations,East Coast Lending,"New York, NY",25 - 34,M,white,Full time,1 to less than 2 years,2,0.7999999999999999,0.6666666666666666,0.7333333333333334,0.8400000000000001,0.8666666666666667,0.7813333333333333,77,1996,16
76,76,307,Director of Southern Region,Arnold,Hanna,18.0,Loan Operations,South Lending,"Atlanta, GA",18 - 24,F,white,Full time,2 to less than 4 years,3,0.7333333333333334,0.6666666666666666,0.7333333333333334,0.7200000000000001,0.6666666666666666,0.704,78,1999,24
77,77,556,Loan Officer,George,Gustavo,307.0,Loan Operations,South Lending,"Atlanta, GA",18 - 24,M,asian,Part time,1 to less than 2 years,2,0.6666666666666666,0.6,0.4666666666666666,0.64,0.6000000000000001,0.5946666666666667,79,1997,13
78,78,75,Loan Officer,Harris,Grayson,307.0,Loan Operations,South Lending,"Atlanta, GA",18 - 24,M,mixed_race,Full time,4 to less than 6 years,4,0.8666666666666667,0.8000000000000002,0.5333333333333333,0.64,0.6666666666666666,0.7013333333333334,80,2003,55
79,79,64,Loan Officer,Jackson,Lily,307.0,Loan Operations,South Lending,"Atlanta, GA",18 - 24,F,mixed_race,Full time,4 to less than 6 years,4,0.8666666666666667,0.8000000000000002,0.5333333333333333,0.64,0.6666666666666666,0.7013333333333334,82,1998,59
80,80,648,Director of Southwest Region,Duncan,Terry,18.0,Loan Operations,Southwest Lending,"Austin, TX",25 - 34,M,mixed_race,Part time,6 months to less than 1 year,1,0.7999999999999999,0.7333333333333334,0.4000000000000001,0.64,0.7333333333333334,0.6613333333333333,83,1993,8
81,81,163,Loan Officer,Jimenez,Yesenia,648.0,Loan Operations,Southwest Lending,"Austin, TX",25 - 34,F,hispanic,Full time,2 to less than 4 years,3,0.7333333333333334,0.7999999999999999,0.3333333333333333,0.6,0.4666666666666666,0.5866666666666667,84,1990,43
82,82,138,Loan Officer,Johnson,Julia,648.0,Loan Operations,Southwest Lending,"Austin, TX",35 - 44,F,white,Full time,2 to less than 4 years,3,0.8000000000000002,0.8000000000000002,0.7333333333333334,0.8400000000000001,0.7999999999999999,0.7946666666666667,85,1981,46
83,83,53,Senior Loan Officer,Martinez,Toni,648.0,Loan Operations,Southwest Lending,"Austin, TX",35 - 44,F,hispanic,Full time,4 to less than 6 years,4,1.0,0.7333333333333334,0.6666666666666666,0.76,0.6000000000000001,0.752,86,1977,63
84,84,183,Director of Midwest Region,Grimes,Sara,18.0,Loan Operations,Midwest Lending,"Chicago, IL",25 - 34,F,mixed_race,Part time,2 to less than 4 years,3,0.7333333333333334,0.5333333333333333,0.6,0.72,0.5333333333333333,0.624,87,1989,40
85,85,73,Loan Officer,Anderson,Brooke,183.0,Loan Operations,Midwest Lending,"Chicago, IL",18 - 24,F,white,Full time,4 to less than 6 years,4,0.7999999999999999,0.8000000000000002,0.8000000000000002,0.8,0.6,0.76,88,2000,57
86,86,137,Senior Loan Officer,Jones,Andre,183.0,Loan Operations,Midwest Lending,"Chicago, IL",35 - 44,M,white,Full time,2 to less than 4 years,3,0.8666666666666667,0.8000000000000002,0.8000000000000002,0.76,0.7999999999999999,0.8053333333333335,89,1977,46
87,87,653,Loan Officer,Bauer,Christina,183.0,Loan Operations,Midwest Lending,"Chicago, IL",45 - 54,F,white,Full time,6 months to less than 1 year,1,0.6,0.6666666666666666,0.4666666666666666,0.76,0.6666666666666666,0.6319999999999999,90,1975,8
88,88,367,Senior Loan Officer,Costa,Russell,183.0,Loan Operations,Midwest Lending,"Chicago, IL",35 - 44,M,hispanic,Part time,1 to less than 2 years,2,0.7333333333333334,0.5333333333333333,0.4666666666666666,0.68,0.5333333333333333,0.5893333333333333,91,1984,21
89,89,633,Loan Officer,George,Jason,183.0,Loan Operations,Midwest Lending,"Chicago, IL",25 - 34,M,white,Full time,6 months to less than 1 year,1,0.7333333333333334,0.6666666666666666,0.6666666666666666,0.76,0.5333333333333333,0.6719999999999999,92,1993,9
90,90,562,Loan Officer,Morton,Connie,183.0,Loan Operations,Midwest Lending,"Chicago, IL",65+,F,white,Full time,1 to less than 2 years,2,0.6666666666666666,0.7333333333333334,0.6,0.72,0.6666666666666666,0.6773333333333332,93,1949,13
91,91,300,VP of Finance & Accounting,Nixon,Justin,736.0,Finance & Admin,Finance,"Mountain View, CA",25 - 34,M,white,Full time,2 to less than 4 years,3,0.8000000000000002,0.6666666666666666,0.8666666666666667,0.8,0.8666666666666667,0.8,95,1988,25
92,92,323,Senior Financial Analyst,Chase,Laura,300.0,Finance & Admin,Finance,"Mountain View, CA",35 - 44,F,white,Full time,1 to less than 2 years,2,0.8000000000000002,0.7333333333333334,0.8666666666666667,0.8400000000000001,0.8666666666666667,0.8213333333333335,96,1982,24
93,93,490,Financial Analyst,Kaur,Eddie,300.0,Finance & Admin,Finance,"Mountain View, CA",25 - 34,M,asian,Full time,1 to less than 2 years,2,0.7333333333333334,0.6,0.6666666666666666,0.7200000000000001,0.6,0.664,97,1989,16
94,94,302,Financial Analyst,Nguyen,Jamie,300.0,Finance & Admin,Finance,"Mountain View, CA",35 - 44,F,asian,Full time,2 to less than 4 years,3,0.7333333333333334,0.5333333333333333,0.7333333333333334,0.8,0.6000000000000001,0.6799999999999999,98,1986,25
95,95,531,VP of FP&A,Brown,Karen,736.0,Finance & Admin,Financial Planning & Analysis,"Mountain View, CA",55 - 64,F,white,Full time,1 to less than 2 years,2,0.7999999999999999,0.6666666666666666,0.9333333333333332,0.8400000000000001,1.0,0.8480000000000001,99,1966,15
96,96,101,Senior Analyst,Perkins,Lynette,531.0,Finance & Admin,Financial Planning & Analysis,"Mountain View, CA",45 - 54,F,african_american,Full time,4 to less than 6 years,4,0.9333333333333332,0.7333333333333334,0.8666666666666667,0.76,0.7999999999999999,0.8186666666666665,100,1971,50
97,97,268,Analyst,Nguyen,Timothy,531.0,Finance & Admin,Financial Planning & Analysis,"Mountain View, CA",35 - 44,M,mixed_race,Full time,2 to less than 4 years,3,0.6666666666666666,0.6666666666666666,0.6,0.68,0.6,0.6426666666666667,101,1981,29
98,98,296,Senior Analyst,Lopez,Brandon,531.0,Finance & Admin,Financial Planning & Analysis,"Mountain View, CA",35 - 44,M,hispanic,Full time,2 to less than 4 years,3,0.6666666666666666,0.7333333333333334,0.7333333333333334,0.76,0.6666666666666666,0.712,102,1981,25
99,99,118,Analyst,Ingram,Wayne,531.0,Finance & Admin,Financial Planning & Analysis,"Mountain View, CA",45 - 54,M,white,Part time,4 to less than 6 years,4,0.7999999999999999,0.5333333333333333,1.0,0.8400000000000001,0.8666666666666667,0.8079999999999998,103,1969,49
100,100,180,Senior Analyst,Cox,Michelle,531.0,Finance & Admin,Financial Planning & Analysis,"Mountain View, CA",35 - 44,F,white,Full time,2 to less than 4 years,3,0.8000000000000002,0.7999999999999999,0.9333333333333332,0.8400000000000001,0.8666666666666667,0.8480000000000001,104,1981,41
101,101,458,VP of Underwriting,Lam,Dustin,736.0,Finance & Admin,Underwriting,"Mountain View, CA",35 - 44,M,asian,Full time,1 to less than 2 years,2,0.7999999999999999,0.6666666666666666,0.8000000000000002,0.8,0.8666666666666667,0.7866666666666666,105,1982,18
102,102,645,Senior Underwriter,Allen,Nicholas,458.0,Finance & Admin,Underwriting,"Mountain View, CA",35 - 44,M,white,Full time,6 months to less than 1 year,1,0.7333333333333334,0.5333333333333333,0.9333333333333332,0.8,0.9333333333333332,0.7866666666666666,107,1982,8
103,103,547,Director of HR,Nguyen,Cole,736.0,Finance & Admin,Human Resources,"Mountain View, CA",18 - 24,M,asian,Part time,1 to less than 2 years,2,0.6,0.4666666666666666,0.8666666666666667,0.8400000000000001,0.9333333333333332,0.7413333333333333,108,1997,14
104,104,405,Director of Marketing,Hanson,Mark,70.0,Marketing,Marketing,"New York, NY",35 - 44,M,white,Full time,1 to less than 2 years,2,0.7333333333333334,0.6,0.7999999999999999,0.8,1.0,0.7866666666666667,109,1977,20
105,105,682,Director of Strategic Marketing,Carter,Nancy,70.0,Marketing,Strategic Marketing,"New York, NY",55 - 64,F,white,Full time,less than 6 months,0,0.7333333333333334,0.6666666666666666,0.7999999999999999,0.76,0.9333333333333332,0.7786666666666666,110,1959,6
106,106,35,Marketing Analyst,Mclaughlin,Shaquill,682.0,Marketing,Strategic Marketing,"New York, NY",25 - 34,M,white,Full time,4 to less than 6 years,4,0.7999999999999999,0.6666666666666666,0.8666666666666667,0.8799999999999999,1.0,0.8426666666666666,111,1993,65
107,107,340,Marketing Analyst,Le,Danielle,682.0,Marketing,Strategic Marketing,"New York, NY",25 - 34,F,asian,Full time,1 to less than 2 years,2,0.8000000000000002,0.5333333333333333,0.6666666666666666,0.76,0.7333333333333334,0.6986666666666667,112,1987,23
108,108,466,Senior Marketing Analyst,Ho,Harmony,682.0,Marketing,Strategic Marketing,"New York, NY",35 - 44,F,asian,Full time,1 to less than 2 years,2,0.7333333333333334,0.5333333333333333,0.6666666666666666,0.76,0.8000000000000002,0.6986666666666668,113,1983,17
109,109,380,Senior Marketing Analyst,Bailey,Cesar,682.0,Marketing,Strategic Marketing,"New York, NY",35 - 44,M,white,Full time,1 to less than 2 years,2,0.8666666666666667,0.6666666666666666,0.7999999999999999,0.8400000000000001,0.9333333333333332,0.8213333333333332,114,1978,21
110,110,81,Senior Marketing Analyst,Coleman,Laura,682.0,Marketing,Strategic Marketing,"New York, NY",55 - 64,F,white,Full time,4 to less than 6 years,4,0.8000000000000002,0.6666666666666666,0.8666666666666667,0.8800000000000001,0.8666666666666667,0.8160000000000001,115,1959,54
111,111,481,Product Manager,Dillon,Jaeson,82.0,Product,Refinancing,"Mountain View, CA",35 - 44,M,white,Full time,1 to less than 2 years,2,0.7999999999999999,0.8000000000000002,0.8666666666666667,0.8,0.9333333333333332,0.8400000000000001,116,1980,17
112,112,613,Analyst,Rose,Chet,481.0,Product,Refinancing,"Mountain View, CA",35 - 44,M,white,Full time,6 months to less than 1 year,1,0.7333333333333334,0.7333333333333334,0.7333333333333334,0.76,0.8000000000000002,0.752,117,1979,10
113,113,261,Senior Analyst,Carter,Cherish,481.0,Product,Refinancing,"Mountain View, CA",35 - 44,F,white,Full time,2 to less than 4 years,3,0.6666666666666666,0.8666666666666667,0.8666666666666667,0.8,0.9333333333333332,0.8266666666666668,118,1985,30
114,114,615,Analyst,Moran,Kamilah,481.0,Product,Refinancing,"Mountain View, CA",35 - 44,F,white,Full time,6 months to less than 1 year,1,0.7333333333333334,0.5333333333333333,0.7999999999999999,0.8400000000000001,0.8000000000000002,0.7413333333333333,119,1980,10
115,115,166,Analyst,Holmes,Peter,481.0,Product,Refinancing,"Mountain View, CA",55 - 64,M,mixed_race,Full time,2 to less than 4 years,3,0.8666666666666667,0.6666666666666666,0.7999999999999999,0.8,0.6666666666666666,0.7599999999999999,120,1966,42
116,116,32,Analyst,Nguyen,Alexander,481.0,Product,Refinancing,"Mountain View, CA",35 - 44,M,asian,Full time,4 to less than 6 years,4,0.9333333333333332,0.9333333333333332,0.8000000000000002,0.92,0.8666666666666667,0.8906666666666666,121,1985,66
117,117,92,Analyst,Branch,Patrick,481.0,Product,Refinancing,"Mountain View, CA",35 - 44,M,african_american,Full time,4 to less than 6 years,4,0.8000000000000002,0.8000000000000002,0.6666666666666666,0.76,0.7333333333333334,0.7520000000000001,122,1985,53
118,118,502,Senior Analyst,Vance,Regina,481.0,Product,Refinancing,"Mountain View, CA",55 - 64,F,mixed_race,Full time,1 to less than 2 years,2,0.7333333333333334,0.7333333333333334,0.6,0.72,0.6666666666666666,0.6906666666666668,123,1963,16
119,119,497,Analyst,Phelps,Kenneth,481.0,Product,Refinancing,"Mountain View, CA",45 - 54,M,white,Full time,1 to less than 2 years,2,0.7333333333333334,0.7333333333333334,0.7333333333333334,0.8400000000000001,0.8666666666666667,0.7813333333333333,124,1968,16
120,120,518,Product Manager,Andrade,Anthony,82.0,Product,New Home Purchase,"Mountain View, CA",35 - 44,M,white,Full time,1 to less than 2 years,2,0.8000000000000002,0.7333333333333334,0.8666666666666667,0.8400000000000001,0.8666666666666667,0.8213333333333335,125,1982,15
121,121,464,Analyst,Jones,Sean,518.0,Product,New Home Purchase,"Mountain View, CA",25 - 34,M,african_american,Full time,1 to less than 2 years,2,0.7333333333333334,0.6666666666666666,0.7333333333333334,0.72,0.3333333333333333,0.6373333333333334,126,1992,18
122,122,740,Analyst,Moore,Cedrick,518.0,Product,New Home Purchase,"Mountain View, CA",25 - 34,M,white,Full time,less than 6 months,0,0.7999999999999999,0.6666666666666666,0.9333333333333332,0.8800000000000001,0.8666666666666667,0.8293333333333333,127,1991,2
123,123,522,Analyst,Bryant,Melinda,518.0,Product,New Home Purchase,"Mountain View, CA",35 - 44,F,white,Full time,1 to less than 2 years,2,0.6666666666666666,0.6666666666666666,0.8000000000000002,0.8400000000000001,0.7999999999999999,0.7546666666666667,128,1983,15
124,124,290,Analyst,Brown,Theodore,518.0,Product,New Home Purchase,"Mountain View, CA",35 - 44,M,white,Full time,2 to less than 4 years,3,0.6666666666666666,0.6666666666666666,0.9333333333333332,0.8,0.7999999999999999,0.7733333333333332,129,1978,26
125,125,408,Analyst,Salinas,Shane,518.0,Product,New Home Purchase,"Mountain View, CA",45 - 54,M,mixed_race,Full time,1 to less than 2 years,2,0.9333333333333332,0.8666666666666667,0.6,0.68,0.6,0.736,130,1968,20
126,126,639,Analyst,Roberts,Travis,518.0,Product,New Home Purchase,"Mountain View, CA",35 - 44,M,african_american,Full time,6 months to less than 1 year,1,0.7333333333333334,0.7333333333333334,0.6,0.76,0.5333333333333333,0.672,131,1985,8
127,127,572,Product Manager,Henderson,Sarah,82.0,Product,Realtor Portal,"Mountain View, CA",25 - 34,F,white,Full time,1 to less than 2 years,2,0.7999999999999999,0.8000000000000002,0.9333333333333332,0.8799999999999999,0.8666666666666667,0.8559999999999999,132,1995,13
128,128,565,Analyst,Johnson,Steven,572.0,Product,Realtor Portal,"Mountain View, CA",35 - 44,M,white,Full time,1 to less than 2 years,2,0.7999999999999999,0.6666666666666666,0.8666666666666667,0.8400000000000001,0.8666666666666667,0.8079999999999998,133,1980,13
129,129,252,Analyst,Munoz,Kurt,572.0,Product,Realtor Portal,"Mountain View, CA",35 - 44,M,hispanic,Full time,2 to less than 4 years,3,0.7333333333333334,0.7333333333333334,0.8000000000000002,0.7200000000000001,0.5333333333333333,0.7040000000000001,134,1981,31
130,130,372,Analyst,May,Ray,572.0,Product,Realtor Portal,"Mountain View, CA",35 - 44,M,white,Full time,1 to less than 2 years,2,0.7333333333333334,0.6666666666666666,0.8666666666666667,0.8400000000000001,0.7999999999999999,0.7813333333333332,135,1985,21
131,131,240,Analyst,Larsen,William,572.0,Product,Realtor Portal,"Mountain View, CA",35 - 44,M,white,Full time,2 to less than 4 years,3,0.6666666666666666,0.7333333333333334,0.8666666666666667,0.8400000000000001,0.8000000000000002,0.7813333333333333,136,1980,33
132,132,54,Senior Analyst,Li,Shantel,572.0,Product,Realtor Portal,"Mountain View, CA",25 - 34,F,asian,Full time,4 to less than 6 years,4,0.8666666666666667,0.8000000000000002,0.9333333333333332,0.8400000000000001,1.0,0.8880000000000001,137,1993,62
133,133,425,Product Manager,Smith,Ernest,82.0,Product,Lender Portal,"Mountain View, CA",25 - 34,M,white,Full time,1 to less than 2 years,2,0.6666666666666666,0.7333333333333334,0.9333333333333332,0.92,0.8000000000000002,0.8106666666666665,138,1991,19
134,134,62,Senior Analyst,Alvarez,Eric,425.0,Product,Lender Portal,"Mountain View, CA",25 - 34,M,hispanic,Full time,4 to less than 6 years,4,0.8666666666666667,0.8000000000000002,0.7333333333333334,0.8400000000000001,0.8666666666666667,0.8213333333333335,139,1991,59
135,135,217,Analyst,Lin,Adam,425.0,Product,Lender Portal,"Mountain View, CA",45 - 54,M,asian,Full time,2 to less than 4 years,3,0.7333333333333334,0.7999999999999999,0.9333333333333332,0.76,0.7333333333333334,0.792,140,1973,36
136,136,622,Analyst,Roberts,Sarina,425.0,Product,Lender Portal,"Mountain View, CA",35 - 44,F,white,Full time,6 months to less than 1 year,1,0.7999999999999999,0.7333333333333334,0.8666666666666667,0.76,0.8666666666666667,0.8053333333333335,141,1978,9
137,137,698,Analyst,Wilson,Paul,425.0,Product,Lender Portal,"Mountain View, CA",35 - 44,M,white,Full time,less than 6 months,0,0.8000000000000002,0.6666666666666666,0.8666666666666667,0.8,0.8666666666666667,0.8,142,1978,5
138,138,184,Analyst,Davis,Jefferson,425.0,Product,Lender Portal,"Mountain View, CA",45 - 54,M,white,Full time,2 to less than 4 years,3,0.7333333333333334,0.7333333333333334,1.0,0.8400000000000001,0.8000000000000002,0.8213333333333332,143,1969,40
139,139,539,Senior Analyst,Salazar,Jessie,425.0,Product,Lender Portal,"Mountain View, CA",35 - 44,M,mixed_race,Full time,1 to less than 2 years,2,0.9333333333333332,0.6666666666666666,0.7333333333333334,0.7200000000000001,0.4666666666666666,0.704,144,1980,14
140,140,263,Analyst,Holmes,Gary,425.0,Product,Lender Portal,"Mountain View, CA",55 - 64,M,white,Full time,2 to less than 4 years,3,0.8666666666666667,0.5333333333333333,0.7333333333333334,0.8799999999999999,0.7999999999999999,0.7626666666666666,145,1966,29
141,141,60,Product Manager,Mcfarland,Steven,82.0,Product,Loan Officer Portal,"Mountain View, CA",35 - 44,M,african_american,Full time,4 to less than 6 years,4,0.9333333333333332,0.7333333333333334,0.9333333333333332,0.7200000000000001,0.8666666666666667,0.8373333333333333,146,1985,60
142,142,233,Analyst,Li,Jason,60.0,Product,Loan Officer Portal,"Mountain View, CA",35 - 44,M,asian,Full time,2 to less than 4 years,3,0.7333333333333334,0.7333333333333334,0.8666666666666667,0.8,0.7333333333333334,0.7733333333333334,147,1982,35
143,143,555,Analyst,Freeman,David,60.0,Product,Loan Officer Portal,"Mountain View, CA",35 - 44,M,white,Full time,1 to less than 2 years,2,0.7333333333333334,0.6666666666666666,0.7333333333333334,0.8,0.8000000000000002,0.7466666666666668,148,1981,14
144,144,430,Analyst,Barnes,Peter,60.0,Product,Loan Officer Portal,"Mountain View, CA",45 - 54,M,white,Full time,1 to less than 2 years,2,0.6666666666666666,0.6666666666666666,0.8000000000000002,0.8,0.8666666666666667,0.76,149,1973,19
145,145,88,Analyst,Arnold,Dustin,60.0,Product,Loan Officer Portal,"Mountain View, CA",25 - 34,M,white,Full time,4 to less than 6 years,4,0.7999999999999999,0.8666666666666667,0.9333333333333332,0.8800000000000001,0.8666666666666667,0.8693333333333332,150,1996,54
146,146,85,Chief Designer,Hamilton,Dexter,82.0,Product,User Experience / User Interface,"New York, NY",25 - 34,M,african_american,Part time,4 to less than 6 years,4,0.8666666666666667,0.7333333333333334,0.7333333333333334,0.8,0.8000000000000002,0.7866666666666668,151,1990,54
147,147,223,Designer,Delarosa,Christopher,85.0,Product,User Experience / User Interface,"New York, NY",45 - 54,M,hispanic,Full time,2 to less than 4 years,3,0.7999999999999999,0.7999999999999999,0.6666666666666666,0.72,0.6666666666666666,0.7306666666666666,152,1973,36
148,148,285,Senior Designer,Randolph,Shane,85.0,Product,User Experience / User Interface,"New York, NY",35 - 44,M,white,Full time,2 to less than 4 years,3,0.7333333333333334,0.8666666666666667,0.6666666666666666,0.8400000000000001,0.7333333333333334,0.768,154,1977,27
149,149,769,Designer,Kirby,Benjamin,85.0,Product,User Experience / User Interface,"New York, NY",25 - 34,M,white,Full time,less than 6 months,0,0.7333333333333334,0.6666666666666666,0.8000000000000002,0.8,0.8666666666666667,0.7733333333333333,155,1991,0
150,150,346,Senior Designer,Smith,Tad,85.0,Product,User Experience / User Interface,"New York, NY",35 - 44,M,african_american,Full time,1 to less than 2 years,2,0.8000000000000002,0.6666666666666666,0.6666666666666666,0.6,0.6,0.6666666666666667,156,1985,22
151,151,212,Designer,Lee,Kathyrn,85.0,Product,User Experience / User Interface,"New York, NY",25 - 34,F,white,Full time,2 to less than 4 years,3,0.7999999999999999,0.8000000000000002,0.8666666666666667,0.8400000000000001,0.8666666666666667,0.8346666666666668,157,1995,37
152,152,764,Director of Business Development,Greene,Karen,225.0,Loan Operations,East Coast Lender Relations,"New York, NY",45 - 54,F,white,Full time,less than 6 months,0,0.8666666666666667,0.7333333333333334,0.7333333333333334,0.8,0.8666666666666667,0.8,158,1975,1
153,153,437,Director of Business Development,Marsh,Cephus,225.0,Loan Operations,West Coast Lender Relations,"Mountain View, CA",35 - 44,M,white,Full time,1 to less than 2 years,2,0.8666666666666667,0.7333333333333334,0.8666666666666667,0.8400000000000001,0.9333333333333332,0.8480000000000001,159,1982,19
154,154,453,Director of Business Development,Wallace,Debra,225.0,Loan Operations,Midwest Lender Relations,"Chicago, IL",55 - 64,F,white,Full time,1 to less than 2 years,2,0.7999999999999999,0.7333333333333334,0.6666666666666666,0.8,0.6,0.72,160,1960,18
155,155,552,Manager of Engineering,Castro,Benjamin,260.0,Compliance,Back End,"Mountain View, CA",35 - 44,M,white,Full time,1 to less than 2 years,2,0.7333333333333334,0.6,0.8666666666666667,0.8400000000000001,0.9333333333333332,0.7946666666666666,161,1980,14
156,156,597,Engineer,Crawford,Joseph,552.0,Compliance,Back End,"Mountain View, CA",35 - 44,M,white,Full time,6 months to less than 1 year,1,0.6666666666666666,0.6666666666666666,0.8000000000000002,0.76,0.8666666666666667,0.752,162,1986,12
157,157,462,Engineer,Davis,Thomas,552.0,Compliance,Back End,"Mountain View, CA",45 - 54,M,african_american,Full time,1 to less than 2 years,2,0.6,0.6,0.7333333333333334,0.64,0.6666666666666666,0.6479999999999999,163,1973,18
158,158,282,Senior Engineer,Hudson,Victor,552.0,Compliance,Back End,"Mountain View, CA",45 - 54,M,white,Part time,2 to less than 4 years,3,0.7333333333333334,0.5333333333333333,0.8666666666666667,0.8400000000000001,0.9333333333333332,0.7813333333333333,164,1975,27
159,159,153,Engineer,Gibson,Christopher,552.0,Compliance,Back End,"Mountain View, CA",35 - 44,M,white,Full time,2 to less than 4 years,3,0.6666666666666666,0.7333333333333334,0.8666666666666667,0.8,0.8000000000000002,0.7733333333333333,165,1978,45
160,160,254,Engineer,Lopez,Aaron,552.0,Compliance,Back End,"Mountain View, CA",35 - 44,M,hispanic,Part time,2 to less than 4 years,3,0.8000000000000002,0.7333333333333334,0.8000000000000002,0.7200000000000001,0.6666666666666666,0.7440000000000001,166,1982,31
161,161,586,Engineer,Simmons,Julie,552.0,Compliance,Back End,"Mountain View, CA",55 - 64,F,white,Full time,1 to less than 2 years,2,0.7333333333333334,0.6,0.8666666666666667,0.8400000000000001,0.7333333333333334,0.7546666666666667,167,1964,12
162,162,143,Engineer,Allen,Kendarrius,552.0,Compliance,Back End,"Mountain View, CA",18 - 24,M,african_american,Full time,2 to less than 4 years,3,0.8000000000000002,0.8000000000000002,0.8666666666666667,0.68,0.6,0.7493333333333334,168,1998,46
163,163,628,Manager of Engineering,Norton,Rhonda,260.0,Compliance,Back End,"Mountain View, CA",65+,F,white,Full time,6 months to less than 1 year,1,0.6000000000000001,0.7333333333333334,0.9333333333333332,0.8400000000000001,0.7999999999999999,0.7813333333333332,169,1954,9
164,164,229,Chief Engineer,Stafford,Federico,628.0,Compliance,Back End,"Mountain View, CA",45 - 54,M,african_american,Full time,2 to less than 4 years,3,0.8666666666666667,0.6666666666666666,0.6666666666666666,0.68,0.7333333333333334,0.7226666666666667,170,1968,35
165,165,733,Engineer,Montes,Sharon,628.0,Compliance,Back End,"Mountain View, CA",45 - 54,F,hispanic,Full time,less than 6 months,0,0.6666666666666666,0.6666666666666666,0.6666666666666666,0.68,0.6,0.656,171,1970,2
166,166,727,Chief Engineer,Miller,Anthony,628.0,Compliance,Back End,"Mountain View, CA",55 - 64,M,white,Full time,less than 6 months,0,0.8666666666666667,0.6666666666666666,0.7999999999999999,0.8400000000000001,1.0,0.8346666666666666,172,1963,2
167,167,654,Engineer,Norris,Jordan,628.0,Compliance,Back End,"Mountain View, CA",35 - 44,M,african_american,Full time,6 months to less than 1 year,1,0.6666666666666666,0.6,0.5333333333333333,0.76,0.5333333333333333,0.6186666666666666,173,1985,8
168,168,38,Engineer,Newton,Vivian,628.0,Compliance,Back End,"Mountain View, CA",55 - 64,F,white,Full time,4 to less than 6 years,4,0.8000000000000002,0.8000000000000002,0.7999999999999999,0.8800000000000001,0.9333333333333332,0.8426666666666668,174,1958,64
169,169,610,Engineer,Poole,Susana,628.0,Compliance,Back End,"Mountain View, CA",55 - 64,F,african_american,Full time,6 months to less than 1 year,1,0.6666666666666666,0.6666666666666666,0.5333333333333333,0.64,0.3333333333333333,0.5680000000000001,175,1960,10
170,170,357,Engineer,Meyer,Roberta,628.0,Compliance,Back End,"Mountain View, CA",55 - 64,F,white,Full time,1 to less than 2 years,2,0.5333333333333333,0.5333333333333333,0.8000000000000002,0.8400000000000001,0.8666666666666667,0.7146666666666668,176,1962,22
171,171,585,Chief Engineer,James,Brandon,628.0,Compliance,Back End,"Mountain View, CA",35 - 44,M,white,Full time,1 to less than 2 years,2,0.7333333333333334,0.6000000000000001,0.9333333333333332,0.8400000000000001,0.8666666666666667,0.7946666666666666,177,1986,12
172,172,546,Manager of Engineering,Torres,Alexander,68.0,Engineering,Algorithm Development,"Mountain View, CA",35 - 44,M,hispanic,Full time,1 to less than 2 years,2,0.7333333333333334,0.6666666666666666,0.7333333333333334,0.76,0.8666666666666667,0.752,178,1984,14
173,173,354,Engineer,Cantu,Rylan,546.0,Engineering,Algorithm Development,"Mountain View, CA",18 - 24,M,mixed_race,Full time,1 to less than 2 years,2,0.6666666666666666,0.6,0.7333333333333334,0.6,0.7999999999999999,0.6799999999999999,179,2001,22
174,174,318,Engineer,Delacruz,Luke,546.0,Engineering,Algorithm Development,"Mountain View, CA",25 - 34,M,asian,Part time,2 to less than 4 years,3,0.8666666666666667,0.5333333333333333,0.8666666666666667,0.8,0.8000000000000002,0.7733333333333333,180,1994,24
175,175,15,Engineer,Ahmed,Melissa,546.0,Engineering,Algorithm Development,"Mountain View, CA",35 - 44,F,asian,Full time,4 to less than 6 years,4,1.0,0.7333333333333334,0.9333333333333332,0.8400000000000001,0.9333333333333332,0.8880000000000001,181,1979,69
176,176,612,Engineer,Chen,Arlin,546.0,Engineering,Algorithm Development,"Mountain View, CA",35 - 44,M,asian,Full time,6 months to less than 1 year,1,0.7999999999999999,0.6000000000000001,0.7333333333333334,0.8,0.9333333333333332,0.7733333333333333,182,1981,10
177,177,671,Engineer,Neal,David,546.0,Engineering,Algorithm Development,"Mountain View, CA",25 - 34,M,white,Part time,less than 6 months,0,0.7333333333333334,0.6,0.8666666666666667,0.8800000000000001,0.9333333333333332,0.8026666666666668,183,1989,6
178,178,157,Engineer,Dejesus,John,546.0,Engineering,Algorithm Development,"Mountain View, CA",35 - 44,M,asian,Full time,2 to less than 4 years,3,0.9333333333333332,0.7333333333333334,0.6666666666666666,0.8,0.8000000000000002,0.7866666666666666,184,1978,44
179,179,341,Senior Engineer,Thomas,Jeremy,546.0,Engineering,Algorithm Development,"Mountain View, CA",25 - 34,M,white,Full time,1 to less than 2 years,2,0.7333333333333334,0.7999999999999999,0.9333333333333332,0.8799999999999999,1.0,0.8693333333333332,185,1989,23
180,180,21,Manager of Engineering,Mcconnell,Mercedes,68.0,Engineering,Algorithm Development,"Mountain View, CA",25 - 34,F,white,Part time,4 to less than 6 years,4,0.9333333333333332,0.6666666666666666,0.9333333333333332,0.92,1.0,0.8906666666666666,186,1990,68
181,181,706,Senior Engineer,Kim,Holly,21.0,Engineering,Algorithm Development,"Mountain View, CA",45 - 54,F,asian,Full time,less than 6 months,0,0.7333333333333334,0.6666666666666666,0.7999999999999999,0.8,0.7333333333333334,0.7466666666666667,187,1971,4
182,182,549,Engineer,Wong,Justin,21.0,Engineering,Algorithm Development,"Mountain View, CA",25 - 34,M,asian,Full time,1 to less than 2 years,2,0.7999999999999999,0.6666666666666666,0.7333333333333334,0.76,0.8000000000000002,0.752,188,1987,14
183,183,402,Senior Engineer,Wong,Garrett,21.0,Engineering,Algorithm Development,"Mountain View, CA",25 - 34,M,asian,Full time,1 to less than 2 years,2,0.8000000000000002,0.6666666666666666,0.7999999999999999,0.8400000000000001,0.9333333333333332,0.808,189,1994,20
184,184,450,Senior Engineer,Li,Anthony,21.0,Engineering,Algorithm Development,"Mountain View, CA",35 - 44,M,asian,Full time,1 to less than 2 years,2,0.7999999999999999,0.6666666666666666,0.9333333333333332,0.8,0.7333333333333334,0.7866666666666667,190,1981,18
185,185,424,Engineer,Wheeler,Gabriel,21.0,Engineering,Algorithm Development,"Mountain View, CA",18 - 24,M,white,Full time,1 to less than 2 years,2,0.9333333333333332,0.6,0.7999999999999999,0.8,0.9333333333333332,0.8133333333333332,191,2001,19
186,186,664,Engineer,Howard,Robert,21.0,Engineering,Algorithm Development,"Mountain View, CA",55 - 64,M,white,Full time,6 months to less than 1 year,1,0.6666666666666666,0.6,0.8000000000000002,0.76,0.8666666666666667,0.7386666666666668,192,1961,7
187,187,743,Engineer,Singh,Brent,21.0,Engineering,Algorithm Development,"Mountain View, CA",45 - 54,M,asian,Full time,less than 6 months,0,0.8000000000000002,0.6000000000000001,0.6666666666666666,0.76,0.8666666666666667,0.7386666666666668,193,1973,2
188,188,47,Engineer,Le,Christopher,21.0,Engineering,Algorithm Development,"Mountain View, CA",45 - 54,M,asian,Full time,4 to less than 6 years,4,1.0,0.6666666666666666,0.9333333333333332,0.8,1.0,0.8799999999999999,194,1975,63
189,189,673,Manager of Engineering,Kim,Julio,68.0,Engineering,Algorithm Development,"Mountain View, CA",45 - 54,M,asian,Full time,less than 6 months,0,0.7333333333333334,0.6666666666666666,0.8666666666666667,0.8,0.8666666666666667,0.7866666666666666,195,1973,6
190,190,535,Senior Engineer,Lee,James,673.0,Engineering,Algorithm Development,"Mountain View, CA",35 - 44,M,asian,Full time,1 to less than 2 years,2,0.8666666666666667,0.7333333333333334,0.7999999999999999,0.76,0.7999999999999999,0.792,196,1984,15
191,191,536,Engineer,Webb,Kenneth,673.0,Engineering,Algorithm Development,"Mountain View, CA",45 - 54,M,white,Full time,1 to less than 2 years,2,0.7333333333333334,0.6666666666666666,0.8666666666666667,0.8,0.9333333333333332,0.7999999999999999,197,1972,15
192,192,319,Engineer,Pham,Leslie,673.0,Engineering,Algorithm Development,"Mountain View, CA",55 - 64,F,asian,Full time,1 to less than 2 years,2,0.8000000000000002,0.6666666666666666,0.7333333333333334,0.8,0.8000000000000002,0.76,198,1960,24
193,193,651,Engineer,Patel,Jason,673.0,Engineering,Algorithm Development,"Mountain View, CA",35 - 44,M,asian,Full time,6 months to less than 1 year,1,0.7333333333333334,0.6666666666666666,0.7333333333333334,0.8,0.9333333333333332,0.7733333333333333,199,1978,8
194,194,521,Senior Engineer,Adams,June,673.0,Engineering,Algorithm Development,"Mountain View, CA",35 - 44,F,white,Full time,1 to less than 2 years,2,0.8666666666666667,0.4666666666666666,0.6666666666666666,0.8799999999999999,0.8666666666666667,0.7493333333333333,200,1980,15
195,195,390,Engineer,Wilson,Andrea,673.0,Engineering,Algorithm Development,"Mountain View, CA",45 - 54,F,white,Full time,1 to less than 2 years,2,0.8000000000000002,0.6666666666666666,0.8666666666666667,0.8400000000000001,0.9333333333333332,0.8213333333333335,201,1968,21
196,196,551,Engineer,Vo,Tasha,673.0,Engineering,Algorithm Development,"Mountain View, CA",35 - 44,F,asian,Full time,1 to less than 2 years,2,0.8000000000000002,0.6666666666666666,0.8666666666666667,0.76,0.7999999999999999,0.7786666666666667,202,1982,14
197,197,239,Engineer,Nguyen,Ernest,673.0,Engineering,Algorithm Development,"Mountain View, CA",55 - 64,M,asian,Part time,2 to less than 4 years,3,0.7999999999999999,0.6000000000000001,0.7999999999999999,0.8799999999999999,0.9333333333333332,0.8026666666666665,203,1964,33
198,198,575,Engineer,Li,Scott,673.0,Engineering,Algorithm Development,"Mountain View, CA",25 - 34,M,asian,Full time,1 to less than 2 years,2,0.7999999999999999,0.6666666666666666,0.8666666666666667,0.76,0.8666666666666667,0.7919999999999999,204,1989,13
199,199,712,Manager of Engineering,Pham,Deandre,68.0,Engineering,Algorithm Development,"Mountain View, CA",25 - 34,M,asian,Full time,less than 6 months,0,0.7333333333333334,0.7333333333333334,0.7999999999999999,0.8400000000000001,0.8666666666666667,0.7946666666666666,205,1987,4
200,200,350,Engineer,Lee,Jerry,712.0,Engineering,Algorithm Development,"Mountain View, CA",35 - 44,M,asian,Full time,1 to less than 2 years,2,0.7333333333333334,0.6666666666666666,0.6666666666666666,0.8,0.8000000000000002,0.7333333333333333,206,1983,22
201,201,701,Chief Engineer,Lee,Matthew,712.0,Engineering,Algorithm Development,"Mountain View, CA",35 - 44,M,asian,Full time,less than 6 months,0,0.8666666666666667,0.7333333333333334,0.7999999999999999,0.8,0.9333333333333332,0.8266666666666668,207,1985,5
202,202,238,Engineer,Moon,Richard,712.0,Engineering,Algorithm Development,"Mountain View, CA",35 - 44,M,asian,Full time,2 to less than 4 years,3,0.8000000000000002,0.6666666666666666,0.7333333333333334,0.76,0.8000000000000002,0.752,208,1983,33
203,203,393,Engineer,Macdonald,Tabatha,712.0,Engineering,Algorithm Development,"Mountain View, CA",35 - 44,F,white,Full time,1 to less than 2 years,2,0.7333333333333334,0.6666666666666666,0.9333333333333332,0.8799999999999999,0.9333333333333332,0.8293333333333333,209,1978,20
204,204,557,Chief Engineer,Nguyen,Toshiba,712.0,Engineering,Algorithm Development,"Mountain View, CA",25 - 34,F,asian,Part time,1 to less than 2 years,2,0.7333333333333334,0.6,0.8666666666666667,0.8,0.8000000000000002,0.76,210,1987,13
205,205,525,Engineer,Benton,David,712.0,Engineering,Algorithm Development,"Mountain View, CA",25 - 34,M,mixed_race,Full time,1 to less than 2 years,2,0.7333333333333334,0.5333333333333333,0.6666666666666666,0.68,0.7999999999999999,0.6826666666666666,211,1987,15
206,206,213,Chief Engineer,Gray,Charles,712.0,Engineering,Algorithm Development,"Mountain View, CA",55 - 64,M,white,Full time,2 to less than 4 years,3,0.9333333333333332,0.7333333333333334,0.8666666666666667,0.8,0.8666666666666667,0.8399999999999999,212,1965,37
207,207,421,Manager of Engineering,Davis,Matthew,68.0,Engineering,Algorithm Development,"Mountain View, CA",18 - 24,M,white,Full time,1 to less than 2 years,2,0.7333333333333334,0.6,1.0,0.8799999999999999,0.9333333333333332,0.8293333333333333,213,1998,19
208,208,65,Engineer,Roy,Barbra,421.0,Engineering,Algorithm Development,"Mountain View, CA",35 - 44,F,asian,Full time,4 to less than 6 years,4,0.8666666666666667,0.8666666666666667,0.9333333333333332,0.8400000000000001,1.0,0.9013333333333332,214,1980,58
209,209,414,Engineer,Ali,Tracey,421.0,Engineering,Algorithm Development,"Mountain View, CA",35 - 44,M,asian,Full time,1 to less than 2 years,2,0.7333333333333334,0.4666666666666666,0.6666666666666666,0.76,0.8000000000000002,0.6853333333333335,215,1984,20
210,210,322,Engineer,Chen,Amanda,421.0,Engineering,Algorithm Development,"Mountain View, CA",35 - 44,F,asian,Full time,1 to less than 2 years,2,0.7999999999999999,0.7333333333333334,0.7999999999999999,0.8400000000000001,0.8666666666666667,0.8079999999999998,216,1977,24
211,211,643,Chief Engineer,Kim,Paul,421.0,Engineering,Algorithm Development,"Mountain View, CA",55 - 64,M,asian,Full time,6 months to less than 1 year,1,0.8000000000000002,0.6,0.8666666666666667,0.8400000000000001,0.9333333333333332,0.808,217,1964,8
212,212,249,Engineer,Singh,Gerald,421.0,Engineering,Algorithm Development,"Mountain View, CA",45 - 54,M,asian,Full time,2 to less than 4 years,3,0.9333333333333332,0.6666666666666666,0.7999999999999999,0.8,0.8666666666666667,0.8133333333333332,218,1972,32
213,213,511,Chief Engineer,Tran,Steven,421.0,Engineering,Algorithm Development,"Mountain View, CA",25 - 34,M,asian,Full time,1 to less than 2 years,2,0.8000000000000002,0.6,0.7999999999999999,0.8,0.8000000000000002,0.76,219,1994,16
214,214,257,Chief Engineer,Nixon,Luis,421.0,Engineering,Algorithm Development,"Mountain View, CA",35 - 44,M,white,Full time,2 to less than 4 years,3,0.8666666666666667,0.6,0.9333333333333332,0.8400000000000001,0.9333333333333332,0.8346666666666668,220,1986,31
215,215,746,Engineer,Roman,Kurt,421.0,Engineering,Algorithm Development,"Mountain View, CA",35 - 44,M,white,Full time,less than 6 months,0,0.8000000000000002,0.7333333333333334,0.9333333333333332,0.8799999999999999,0.8666666666666667,0.8426666666666666,221,1981,1
216,216,411,Engineer,Roberts,Judy,421.0,Engineering,Algorithm Development,"Mountain View, CA",45 - 54,F,white,Full time,1 to less than 2 years,2,0.6666666666666666,0.6,0.8000000000000002,0.8,0.8666666666666667,0.7466666666666668,222,1971,20
217,217,676,Manager of Engineering,Wilson,Gabriel,326.0,Engineering,Front End,"Mountain View, CA",35 - 44,M,white,Full time,less than 6 months,0,0.7333333333333334,0.8000000000000002,0.7999999999999999,0.8800000000000001,1.0,0.8426666666666668,223,1983,6
218,218,640,Senior Engineer,Pham,Shawn,676.0,Engineering,Front End,"Mountain View, CA",35 - 44,M,asian,Full time,6 months to less than 1 year,1,0.8666666666666667,0.6666666666666666,0.7333333333333334,0.8,0.6666666666666666,0.7466666666666666,224,1983,8
219,219,589,Engineer,Thomas,Jason,676.0,Engineering,Front End,"Mountain View, CA",35 - 44,M,white,Full time,1 to less than 2 years,2,0.7333333333333334,0.7333333333333334,0.8000000000000002,0.92,0.9333333333333332,0.8240000000000001,225,1977,12
220,220,605,Engineer,Kim,Duane,676.0,Engineering,Front End,"Mountain View, CA",55 - 64,M,asian,Full time,6 months to less than 1 year,1,0.8000000000000002,0.6,0.7333333333333334,0.8400000000000001,0.7333333333333334,0.7413333333333334,226,1958,11
221,221,665,Engineer,Peralta,Mia,676.0,Engineering,Front End,"Mountain View, CA",18 - 24,F,asian,Full time,6 months to less than 1 year,1,0.8000000000000002,0.6,0.7333333333333334,0.76,0.9333333333333332,0.7653333333333333,227,2000,6
222,222,590,Engineer,Mccormick,Travis,676.0,Engineering,Front End,"Mountain View, CA",25 - 34,M,white,Full time,1 to less than 2 years,2,0.8666666666666667,0.5333333333333333,0.8000000000000002,0.8,0.9333333333333332,0.7866666666666666,228,1990,12
223,223,717,Engineer,Huang,Loren,676.0,Engineering,Front End,"Mountain View, CA",25 - 34,M,asian,Full time,less than 6 months,0,0.6666666666666666,0.6666666666666666,0.7333333333333334,0.8400000000000001,0.8000000000000002,0.7413333333333333,229,1988,3
224,224,443,Engineer,Chen,Peter,676.0,Engineering,Front End,"Mountain View, CA",25 - 34,M,asian,Part time,1 to less than 2 years,2,0.7999999999999999,0.6,0.8000000000000002,0.76,0.8666666666666667,0.7653333333333333,230,1991,19
225,225,542,Engineer,Golden,Juan,676.0,Engineering,Front End,"Mountain View, CA",35 - 44,M,white,Full time,1 to less than 2 years,2,0.6666666666666666,0.5333333333333333,0.7999999999999999,0.8400000000000001,0.9333333333333332,0.7546666666666666,231,1986,14
226,226,723,Engineer,Anderson,Joshua,676.0,Engineering,Front End,"Mountain View, CA",25 - 34,M,white,Full time,less than 6 months,0,0.8666666666666667,0.7333333333333334,0.8666666666666667,0.8400000000000001,1.0,0.8613333333333333,232,1987,2
227,227,571,Engineer,Dean,Joseph,676.0,Engineering,Front End,"Mountain View, CA",35 - 44,M,white,Full time,1 to less than 2 years,2,0.7333333333333334,0.7333333333333334,0.8666666666666667,0.8799999999999999,0.8666666666666667,0.8160000000000001,233,1982,13
228,228,292,Senior Engineer,Lin,Sean,676.0,Engineering,Front End,"Mountain View, CA",18 - 24,M,asian,Full time,2 to less than 4 years,3,0.7333333333333334,0.5333333333333333,0.8000000000000002,0.76,0.8666666666666667,0.7386666666666668,234,1999,26
229,229,440,Engineer,Bell,Kirsten,676.0,Engineering,Front End,"Mountain View, CA",25 - 34,F,white,Full time,1 to less than 2 years,2,0.7333333333333334,0.6,0.8666666666666667,0.8799999999999999,0.8666666666666667,0.7893333333333333,235,1989,19
230,230,103,Manager of Engineering,Murphy,Dora,326.0,Engineering,Front End,"Mountain View, CA",35 - 44,F,african_american,Full time,4 to less than 6 years,4,0.8666666666666667,0.6666666666666666,0.8666666666666667,0.76,0.7999999999999999,0.792,236,1985,50
231,231,386,Senior Engineer,Weeks,Timothy,103.0,Engineering,Front End,"Mountain View, CA",55 - 64,M,white,Full time,1 to less than 2 years,2,0.8000000000000002,0.6,0.8666666666666667,0.8800000000000001,0.8000000000000002,0.7893333333333333,237,1963,21
232,232,501,Senior Engineer,Patel,Osvaldo,103.0,Engineering,Front End,"Mountain View, CA",18 - 24,M,asian,Full time,1 to less than 2 years,2,0.7999999999999999,0.5333333333333333,0.8666666666666667,0.76,0.7333333333333334,0.7386666666666667,238,1999,16
233,233,477,Engineer,Lee,Eric,103.0,Engineering,Front End,"Mountain View, CA",35 - 44,M,asian,Full time,1 to less than 2 years,2,0.8666666666666667,0.6,0.7333333333333334,0.8,0.7999999999999999,0.76,239,1979,17
234,234,160,Engineer,George,Nathan,103.0,Engineering,Front End,"Mountain View, CA",25 - 34,M,asian,Full time,2 to less than 4 years,3,0.9333333333333332,0.7333333333333334,0.7333333333333334,0.8400000000000001,0.8000000000000002,0.808,240,1987,44
235,235,446,Chief Engineer,Vo,Chad,103.0,Engineering,Front End,"Mountain View, CA",35 - 44,M,asian,Full time,1 to less than 2 years,2,0.7999999999999999,0.6666666666666666,0.8666666666666667,0.8,0.9333333333333332,0.8133333333333332,241,1981,18
236,236,457,Engineer,Garcia,Hunter,103.0,Engineering,Front End,"Mountain View, CA",25 - 34,M,hispanic,Full time,1 to less than 2 years,2,0.7333333333333334,0.6,0.7999999999999999,0.76,0.6666666666666666,0.712,242,1996,18
237,237,171,Engineer,Monroe,Jenny,103.0,Engineering,Front End,"Mountain View, CA",35 - 44,F,white,Full time,2 to less than 4 years,3,0.7333333333333334,0.6,1.0,0.8400000000000001,0.9333333333333332,0.8213333333333335,243,1984,42
238,238,112,Engineer,Carter,Donald,103.0,Engineering,Front End,"Mountain View, CA",25 - 34,M,white,Full time,4 to less than 6 years,4,0.8000000000000002,0.8000000000000002,0.9333333333333332,0.8800000000000001,1.0,0.8826666666666668,244,1988,49
239,239,617,Manager of Engineering,Nguyen,Alvaro,326.0,Engineering,Front End,"Mountain View, CA",18 - 24,M,asian,Full time,6 months to less than 1 year,1,0.8666666666666667,0.6,0.7333333333333334,0.76,0.7333333333333334,0.7386666666666667,245,2002,10
240,240,719,Engineer,Romero,Melissa,617.0,Engineering,Front End,"Mountain View, CA",25 - 34,F,white,Full time,less than 6 months,0,0.7999999999999999,0.5333333333333333,0.9333333333333332,0.8400000000000001,0.9333333333333332,0.808,246,1988,3
241,241,492,Engineer,Roy,Phillip,617.0,Engineering,Front End,"Mountain View, CA",35 - 44,M,asian,Full time,1 to less than 2 years,2,0.8000000000000002,0.7333333333333334,0.7333333333333334,0.8,0.9333333333333332,0.8000000000000002,247,1986,16
242,242,131,Senior Engineer,Ali,Nathan,617.0,Engineering,Front End,"Mountain View, CA",18 - 24,M,white,Part time,2 to less than 4 years,3,0.9333333333333332,0.7333333333333334,0.9333333333333332,0.8799999999999999,1.0,0.8959999999999999,248,1999,47
243,243,78,Engineer,Lee,Brian,617.0,Engineering,Front End,"Mountain View, CA",25 - 34,M,asian,Full time,4 to less than 6 years,4,0.9333333333333332,0.6666666666666666,0.7999999999999999,0.8400000000000001,0.9333333333333332,0.8346666666666668,249,1988,55
244,244,98,Engineer,Woodward,Daniel,617.0,Engineering,Front End,"Mountain View, CA",35 - 44,M,white,Full time,4 to less than 6 years,4,0.7333333333333334,0.7333333333333334,0.9333333333333332,0.8799999999999999,1.0,0.8559999999999999,250,1984,51
245,245,704,Engineer,Santos,Javon,617.0,Engineering,Front End,"Mountain View, CA",35 - 44,M,white,Full time,less than 6 months,0,0.8666666666666667,0.6666666666666666,0.7999999999999999,0.8799999999999999,1.0,0.8426666666666666,251,1984,4
246,246,362,Engineer,Patterson,Enrique,617.0,Engineering,Front End,"Mountain View, CA",35 - 44,M,white,Full time,1 to less than 2 years,2,0.7333333333333334,0.5333333333333333,0.8000000000000002,0.8400000000000001,0.9333333333333332,0.768,252,1977,22
247,247,687,Engineer,Anderson,Tangela,617.0,Engineering,Front End,"Mountain View, CA",35 - 44,F,white,Part time,less than 6 months,0,0.8000000000000002,0.5333333333333333,0.8666666666666667,0.8799999999999999,0.9333333333333332,0.8026666666666668,253,1986,5
248,248,173,Engineer,Patel,Richard,617.0,Engineering,Front End,"Mountain View, CA",35 - 44,M,asian,Full time,2 to less than 4 years,3,0.7333333333333334,0.6666666666666666,0.8666666666666667,0.8,0.8666666666666667,0.7866666666666666,254,1984,41
249,249,310,Engineer,Mendoza,Paul,617.0,Engineering,Front End,"Mountain View, CA",55 - 64,M,hispanic,Full time,2 to less than 4 years,3,0.7333333333333334,0.5333333333333333,0.6666666666666666,0.8,0.7333333333333334,0.6933333333333334,255,1960,24
250,250,756,Manager of Engineering,Tran,Dylan,149.0,Engineering,Security,"Mountain View, CA",25 - 34,M,asian,Part time,less than 6 months,0,0.8666666666666667,0.6666666666666666,0.9333333333333332,0.8400000000000001,0.8000000000000002,0.8213333333333332,256,1992,1
251,251,766,Engineer,Nguyen,Jason,756.0,Engineering,Security,"Mountain View, CA",35 - 44,M,asian,Full time,less than 6 months,0,0.7999999999999999,0.5333333333333333,0.6666666666666666,0.8799999999999999,0.8000000000000002,0.736,257,1982,0
252,252,761,Senior Engineer,Tran,Kurtis,756.0,Engineering,Security,"Mountain View, CA",25 - 34,M,asian,Full time,less than 6 months,0,0.8000000000000002,0.7333333333333334,0.8000000000000002,0.8400000000000001,0.8000000000000002,0.7946666666666669,258,1987,1
253,253,656,Engineer,Williams,Charles,756.0,Engineering,Security,"Mountain View, CA",35 - 44,M,white,Full time,6 months to less than 1 year,1,0.7333333333333334,0.6666666666666666,0.8666666666666667,0.8799999999999999,0.8000000000000002,0.7893333333333333,259,1978,7
254,254,128,Engineer,Carpenter,Stormy,756.0,Engineering,Security,"Mountain View, CA",18 - 24,M,white,Part time,2 to less than 4 years,3,0.7999999999999999,0.5333333333333333,0.8666666666666667,0.8799999999999999,1.0,0.8160000000000001,260,2003,47
255,255,537,Manager of Engineering,Lee,Margaret,149.0,Engineering,Security,"Mountain View, CA",55 - 64,F,white,Full time,1 to less than 2 years,2,0.7333333333333334,0.6666666666666666,0.8666666666666667,0.8400000000000001,0.8666666666666667,0.7946666666666666,261,1961,14
256,256,515,Senior Engineer,Silva,Benjamin,537.0,Engineering,Security,"Mountain View, CA",35 - 44,M,hispanic,Full time,1 to less than 2 years,2,0.8000000000000002,0.7333333333333334,0.7999999999999999,0.76,0.6666666666666666,0.752,262,1985,15
257,257,383,Engineer,Villanueva,Justin,537.0,Engineering,Security,"Mountain View, CA",25 - 34,M,asian,Part time,1 to less than 2 years,2,0.7333333333333334,0.6000000000000001,0.7999999999999999,0.8,0.8666666666666667,0.76,263,1995,21
258,258,722,Engineer,Wu,William,537.0,Engineering,Security,"Mountain View, CA",35 - 44,M,asian,Full time,less than 6 months,0,0.7333333333333334,0.8000000000000002,0.6,0.68,0.8000000000000002,0.7226666666666668,264,1986,3
259,259,192,Engineer,Nguyen,Shane,537.0,Engineering,Security,"Mountain View, CA",25 - 34,M,asian,Full time,2 to less than 4 years,3,0.8666666666666667,0.4666666666666666,0.7999999999999999,0.8,0.8666666666666667,0.76,265,1987,39
260,260,94,Senior Engineer,Nguyen,Luke,537.0,Engineering,Security,"Mountain View, CA",35 - 44,M,asian,Full time,4 to less than 6 years,4,0.8666666666666667,0.7333333333333334,0.9333333333333332,0.8400000000000001,0.8666666666666667,0.8480000000000001,266,1985,53
261,261,679,Engineer,Ho,Jordan,537.0,Engineering,Security,"Mountain View, CA",35 - 44,M,asian,Full time,less than 6 months,0,0.6666666666666666,0.6666666666666666,0.7333333333333334,0.8400000000000001,0.8000000000000002,0.7413333333333333,267,1982,6
262,262,365,Manager of Engineering,Lee,Natasha,580.0,Engineering,Full Stack,"Mountain View, CA",18 - 24,F,asian,Full time,1 to less than 2 years,2,0.7333333333333334,0.7333333333333334,0.7999999999999999,0.8400000000000001,0.8666666666666667,0.7946666666666666,268,1997,22
263,263,297,Chief Engineer,Nguyen,Mark,365.0,Engineering,Full Stack,"Mountain View, CA",45 - 54,M,asian,Full time,2 to less than 4 years,3,0.8000000000000002,0.8000000000000002,0.8000000000000002,0.8400000000000001,0.7999999999999999,0.808,269,1969,25
264,264,400,Senior Engineer,Wu,Steve,365.0,Engineering,Full Stack,"Mountain View, CA",35 - 44,M,asian,Full time,1 to less than 2 years,2,0.7333333333333334,0.7333333333333334,0.7333333333333334,0.76,0.8666666666666667,0.7653333333333333,270,1986,20
265,265,415,Senior Engineer,Ali,Jeffrey,365.0,Engineering,Full Stack,"Mountain View, CA",25 - 34,M,asian,Full time,1 to less than 2 years,2,0.8666666666666667,0.6,0.7333333333333334,0.76,0.8000000000000002,0.752,271,1989,20
266,266,475,Engineer,Hansen,Rhett,365.0,Engineering,Full Stack,"Mountain View, CA",25 - 34,M,mixed_race,Full time,1 to less than 2 years,2,0.7999999999999999,0.7333333333333334,0.6666666666666666,0.76,0.7999999999999999,0.752,272,1987,17
267,267,186,Engineer,Miller,Andy,365.0,Engineering,Full Stack,"Mountain View, CA",25 - 34,M,white,Full time,2 to less than 4 years,3,0.8666666666666667,0.5333333333333333,0.9333333333333332,0.8400000000000001,0.9333333333333332,0.8213333333333332,273,1991,40
268,268,345,Engineer,Rogers,Cody,365.0,Engineering,Full Stack,"Mountain View, CA",25 - 34,M,white,Full time,1 to less than 2 years,2,0.7333333333333334,0.6666666666666666,0.9333333333333332,0.8,0.8666666666666667,0.7999999999999999,274,1994,22
269,269,434,Engineer,Yates,Austin,365.0,Engineering,Full Stack,"Mountain View, CA",18 - 24,M,white,Full time,1 to less than 2 years,2,0.6,0.6,0.8666666666666667,0.8,0.9333333333333332,0.7599999999999999,275,2001,19
270,270,30,Engineer,Kim,Aaron,365.0,Engineering,Full Stack,"Mountain View, CA",35 - 44,M,asian,Full time,4 to less than 6 years,4,0.9333333333333332,0.8000000000000002,0.7333333333333334,0.8400000000000001,1.0,0.8613333333333333,276,1979,66
271,271,559,Engineer,Simon,Judah,365.0,Engineering,Full Stack,"Mountain View, CA",18 - 24,M,hispanic,Part time,1 to less than 2 years,2,0.7333333333333334,0.6,0.6666666666666666,0.76,0.8000000000000002,0.712,277,1999,13
272,272,209,Manager of Engineering,Xiong,Israel,580.0,Engineering,Full Stack,"Mountain View, CA",45 - 54,M,asian,Full time,2 to less than 4 years,3,0.7999999999999999,0.7333333333333334,0.7333333333333334,0.8,0.8666666666666667,0.7866666666666666,278,1967,38
273,273,58,Chief Engineer,Leon,David,209.0,Engineering,Full Stack,"Mountain View, CA",55 - 64,M,white,Full time,4 to less than 6 years,4,0.9333333333333332,0.7333333333333334,1.0,0.92,1.0,0.9173333333333332,279,1964,60
274,274,293,Engineer,Lee,Tiffany,209.0,Engineering,Full Stack,"Mountain View, CA",25 - 34,F,asian,Full time,2 to less than 4 years,3,0.6666666666666666,0.7333333333333334,0.9333333333333332,0.72,0.8666666666666667,0.7839999999999999,280,1992,26
275,275,79,Engineer,Holmes,Randy,209.0,Engineering,Full Stack,"Mountain View, CA",45 - 54,M,white,Full time,4 to less than 6 years,4,0.8666666666666667,0.6666666666666666,0.9333333333333332,0.8799999999999999,1.0,0.8693333333333332,281,1969,55
276,276,661,Engineer,Perry,John,209.0,Engineering,Full Stack,"Mountain View, CA",35 - 44,M,african_american,Full time,6 months to less than 1 year,1,0.7333333333333334,0.7999999999999999,0.5333333333333333,0.72,0.9333333333333332,0.7439999999999999,282,1980,7
277,277,216,Engineer,Lu,Christopher,209.0,Engineering,Full Stack,"Mountain View, CA",35 - 44,M,asian,Full time,2 to less than 4 years,3,0.7333333333333334,0.7999999999999999,0.6666666666666666,0.8400000000000001,0.8666666666666667,0.7813333333333333,283,1979,37
278,278,620,Engineer,Bennett,Jordan,209.0,Engineering,Full Stack,"Mountain View, CA",25 - 34,F,white,Full time,6 months to less than 1 year,1,0.8000000000000002,0.6,0.7999999999999999,0.8400000000000001,0.9333333333333332,0.7946666666666666,284,1992,10
279,279,422,Senior Engineer,Young,William,209.0,Engineering,Full Stack,"Mountain View, CA",25 - 34,M,white,Full time,1 to less than 2 years,2,0.9333333333333332,0.6,0.9333333333333332,0.8400000000000001,0.9333333333333332,0.8480000000000001,285,1993,19
280,280,332,Chief Engineer,Barrett,Travis,209.0,Engineering,Full Stack,"Mountain View, CA",35 - 44,M,white,Full time,1 to less than 2 years,2,0.8666666666666667,0.7333333333333334,0.9333333333333332,0.8799999999999999,0.9333333333333332,0.8693333333333333,286,1979,23
281,281,375,Senior Engineer,Simon,Andrea,209.0,Engineering,Full Stack,"Mountain View, CA",35 - 44,F,white,Full time,1 to less than 2 years,2,0.7333333333333334,0.6666666666666666,0.7999999999999999,0.8400000000000001,0.8666666666666667,0.7813333333333333,287,1981,21
282,282,177,Engineer,Li,Keith,209.0,Engineering,Full Stack,"Mountain View, CA",35 - 44,M,asian,Part time,2 to less than 4 years,3,0.8666666666666667,0.5333333333333333,0.7333333333333334,0.8400000000000001,0.8000000000000002,0.7546666666666668,288,1982,41
283,283,329,Manager of Engineering,George,Thomas,580.0,Engineering,Full Stack,"Mountain View, CA",25 - 34,M,asian,Full time,1 to less than 2 years,2,0.8666666666666667,0.7333333333333334,0.6666666666666666,0.8400000000000001,0.8000000000000002,0.7813333333333333,289,1987,24
284,284,121,Engineer,Yang,Andrew,329.0,Engineering,Full Stack,"Mountain View, CA",45 - 54,M,asian,Part time,2 to less than 4 years,3,0.8000000000000002,0.6,0.8000000000000002,0.8799999999999999,0.8666666666666667,0.7893333333333333,290,1976,48
285,285,227,Engineer,Li,Daniel,329.0,Engineering,Full Stack,"Mountain View, CA",35 - 44,M,asian,Full time,2 to less than 4 years,3,0.7333333333333334,0.6666666666666666,0.7333333333333334,0.76,0.8000000000000002,0.7386666666666668,291,1977,35
286,286,607,Chief Engineer,David,Joseph,329.0,Engineering,Full Stack,"Mountain View, CA",25 - 34,M,asian,Full time,6 months to less than 1 year,1,0.8000000000000002,0.7333333333333334,0.7333333333333334,0.8,0.8666666666666667,0.7866666666666668,292,1996,11
287,287,348,Senior Engineer,Bender,Hilda,329.0,Engineering,Full Stack,"Mountain View, CA",35 - 44,F,white,Full time,1 to less than 2 years,2,0.8000000000000002,0.7333333333333334,0.8666666666666667,0.8,0.9333333333333332,0.8266666666666668,293,1982,22
288,288,24,Senior Engineer,Martin,Jane,329.0,Engineering,Full Stack,"Mountain View, CA",55 - 64,F,white,Full time,4 to less than 6 years,4,0.9333333333333332,0.8666666666666667,0.9333333333333332,0.92,1.0,0.9306666666666664,294,1960,67
289,289,61,Engineer,David,Zachary,329.0,Engineering,Full Stack,"Mountain View, CA",25 - 34,M,asian,Full time,4 to less than 6 years,4,1.0,0.8000000000000002,0.8000000000000002,0.8400000000000001,0.9333333333333332,0.8746666666666668,295,1988,60
290,290,461,Engineer,Norman,Jacob,329.0,Engineering,Full Stack,"Mountain View, CA",35 - 44,M,white,Part time,1 to less than 2 years,2,0.7333333333333334,0.4666666666666666,0.9333333333333332,0.8400000000000001,1.0,0.7946666666666667,296,1986,18
291,291,336,Engineer,David,Daniela,329.0,Engineering,Full Stack,"Mountain View, CA",25 - 34,F,asian,Full time,1 to less than 2 years,2,0.6666666666666666,0.6666666666666666,0.8000000000000002,0.8,0.8000000000000002,0.7466666666666668,297,1996,23
292,292,196,Engineer,Jones,Andrew,329.0,Engineering,Full Stack,"Mountain View, CA",25 - 34,M,white,Part time,2 to less than 4 years,3,0.7999999999999999,0.6666666666666666,0.9333333333333332,0.8400000000000001,1.0,0.8480000000000001,298,1994,39
293,293,273,Engineer,Sanders,Amanda,329.0,Engineering,Full Stack,"Mountain View, CA",35 - 44,F,white,Full time,2 to less than 4 years,3,0.7333333333333334,0.5333333333333333,0.8666666666666667,0.8400000000000001,0.8666666666666667,0.768,299,1977,28
294,294,236,Treasurer,Lee,Daniel,183.0,Loan Operations,Finance,"Mountain View, CA",55 - 64,M,asian,Part time,2 to less than 4 years,3,0.7333333333333334,0.5333333333333333,0.7999999999999999,0.76,0.7333333333333334,0.712,300,1965,35
295,295,278,Financial Analyst,Yang,Julie,236.0,Loan Operations,Finance,"Mountain View, CA",55 - 64,F,asian,Full time,2 to less than 4 years,3,0.7333333333333334,0.6,0.6666666666666666,0.8,0.8000000000000002,0.72,301,1959,27
296,296,376,Financial Analyst,Brooks,Ryan,236.0,Loan Operations,Finance,"Mountain View, CA",25 - 34,M,white,Full time,1 to less than 2 years,2,0.7333333333333334,0.5333333333333333,0.6666666666666666,0.8400000000000001,0.8000000000000002,0.7146666666666668,302,1991,21
297,297,396,Financial Analyst,Oconnor,Eric,236.0,Loan Operations,Finance,"Mountain View, CA",45 - 54,M,white,Full time,1 to less than 2 years,2,0.8666666666666667,0.6666666666666666,0.7333333333333334,0.8,0.7333333333333334,0.76,303,1972,20
298,298,505,Financial Analyst,Campbell,Kala,236.0,Loan Operations,Finance,"Mountain View, CA",35 - 44,F,mixed_race,Full time,1 to less than 2 years,2,0.6666666666666666,0.5333333333333333,0.4666666666666666,0.68,0.7333333333333334,0.616,304,1984,16
299,299,359,Financial Analyst,Reynolds,Mike,236.0,Loan Operations,Finance,"Mountain View, CA",55 - 64,M,white,Part time,1 to less than 2 years,2,0.8666666666666667,0.6,0.8666666666666667,0.8,0.9333333333333332,0.8133333333333335,305,1960,22
300,300,721,Financial Analyst,Johnson,Sondra,236.0,Loan Operations,Finance,"Mountain View, CA",55 - 64,F,white,Full time,less than 6 months,0,0.7999999999999999,0.5333333333333333,0.7333333333333334,0.8400000000000001,0.8666666666666667,0.7546666666666666,306,1957,3
301,301,666,Senior Financial Analyst,Vaughn,Jackson,236.0,Loan Operations,Finance,"Mountain View, CA",18 - 24,M,white,Full time,6 months to less than 1 year,1,0.7333333333333334,0.6,0.7333333333333334,0.8799999999999999,0.8000000000000002,0.7493333333333334,307,1999,6
302,302,234,Controller,Ponce,Tyrone,183.0,Loan Operations,Finance,"Mountain View, CA",55 - 64,M,mixed_race,Full time,2 to less than 4 years,3,0.8000000000000002,0.6666666666666666,0.6666666666666666,0.7200000000000001,0.7333333333333334,0.7173333333333334,308,1961,35
303,303,449,Accountant,Diaz,Daniel,234.0,Loan Operations,Finance,"Mountain View, CA",45 - 54,M,hispanic,Part time,1 to less than 2 years,2,0.7333333333333334,0.6000000000000001,0.6,0.64,0.6000000000000001,0.6346666666666667,309,1975,18
304,304,232,Accountant,George,Aristeo,234.0,Loan Operations,Finance,"Mountain View, CA",18 - 24,M,white,Part time,2 to less than 4 years,3,0.8000000000000002,0.7333333333333334,0.8666666666666667,0.8400000000000001,1.0,0.8480000000000001,310,1999,35
305,305,270,Accountant,Hawkins,Nicole,234.0,Loan Operations,Finance,"Mountain View, CA",25 - 34,F,mixed_race,Full time,2 to less than 4 years,3,0.6666666666666666,0.6,0.6,0.68,0.6,0.6293333333333334,311,1987,28
306,306,327,Accountant,Leonard,Melinda,234.0,Loan Operations,Finance,"Mountain View, CA",25 - 34,F,white,Part time,1 to less than 2 years,2,0.6666666666666666,0.4666666666666666,0.6666666666666666,0.8,0.8666666666666667,0.6933333333333332,312,1992,24
307,307,96,Accountant,Bell,Chad,234.0,Loan Operations,Finance,"Mountain View, CA",35 - 44,M,white,Part time,4 to less than 6 years,4,0.8000000000000002,0.6000000000000001,0.9333333333333332,0.8400000000000001,1.0,0.8346666666666668,313,1979,51
308,308,751,Manager of Underwriting,Xiong,Blake,531.0,Finance & Admin,Underwriting,"Mountain View, CA",25 - 34,M,asian,Part time,less than 6 months,0,0.8666666666666667,0.6000000000000001,0.6666666666666666,0.8400000000000001,0.9333333333333332,0.7813333333333333,314,1989,1
309,309,468,Senior Underwriter,Dean,Clara,751.0,Finance & Admin,Underwriting,"Mountain View, CA",25 - 34,F,white,Part time,1 to less than 2 years,2,0.7333333333333334,0.6,0.8666666666666667,0.8400000000000001,0.9333333333333332,0.7946666666666666,315,1996,17
310,310,141,Underwriter,Delacruz,Brooke,751.0,Finance & Admin,Underwriting,"Mountain View, CA",35 - 44,F,asian,Full time,2 to less than 4 years,3,0.6666666666666666,0.7333333333333334,0.7999999999999999,0.76,0.7333333333333334,0.7386666666666667,316,1977,46
311,311,281,Underwriter,Palmer,Mont,751.0,Finance & Admin,Underwriting,"Mountain View, CA",55 - 64,M,white,Part time,2 to less than 4 years,3,0.7999999999999999,0.6,0.6666666666666666,0.8799999999999999,0.9333333333333332,0.7759999999999999,317,1957,27
312,312,431,Underwriter,Conway,Kathryn,751.0,Finance & Admin,Underwriting,"Mountain View, CA",25 - 34,F,white,Full time,1 to less than 2 years,2,0.6666666666666666,0.7333333333333334,0.9333333333333332,0.8400000000000001,0.8666666666666667,0.8079999999999998,318,1993,19
313,313,476,Senior Underwriter,Flores,Tamika,751.0,Finance & Admin,Underwriting,"Mountain View, CA",25 - 34,F,hispanic,Full time,1 to less than 2 years,2,0.7333333333333334,0.6,0.7333333333333334,0.64,0.6666666666666666,0.6746666666666667,319,1988,17
314,314,95,Underwriter,Tucker,Mitchell,751.0,Finance & Admin,Underwriting,"Mountain View, CA",25 - 34,M,white,Full time,4 to less than 6 years,4,0.7999999999999999,0.6666666666666666,0.8666666666666667,0.8400000000000001,1.0,0.8346666666666666,320,1987,51
315,315,331,Underwriter,Phelps,Kathy,751.0,Finance & Admin,Underwriting,"Mountain View, CA",45 - 54,F,mixed_race,Full time,1 to less than 2 years,2,0.6666666666666666,0.6666666666666666,0.8000000000000002,0.68,0.6666666666666666,0.696,321,1974,24
316,316,44,Manager of Underwriting,Lee,Tony,531.0,Finance & Admin,Underwriting,"Mountain View, CA",25 - 34,M,asian,Full time,4 to less than 6 years,4,0.8666666666666667,0.8666666666666667,0.9333333333333332,0.92,0.9333333333333332,0.904,322,1987,64
317,317,428,Underwriter,Scott,Devon,44.0,Finance & Admin,Underwriting,"Mountain View, CA",25 - 34,M,white,Full time,1 to less than 2 years,2,0.6666666666666666,0.6,0.8666666666666667,0.8,0.8000000000000002,0.7466666666666668,323,1992,19
318,318,636,Underwriter,Edwards,Steven,44.0,Finance & Admin,Underwriting,"Mountain View, CA",35 - 44,M,white,Full time,6 months to less than 1 year,1,0.7333333333333334,0.6666666666666666,0.8666666666666667,0.8400000000000001,0.8666666666666667,0.7946666666666666,324,1981,9
319,319,749,Underwriter,Thomas,Kimberly,44.0,Finance & Admin,Underwriting,"Mountain View, CA",55 - 64,F,white,Full time,less than 6 months,0,0.7333333333333334,0.7333333333333334,0.7333333333333334,0.8400000000000001,0.8000000000000002,0.768,325,1958,1
320,320,276,Underwriter,Lee,Michael,44.0,Finance & Admin,Underwriting,"Mountain View, CA",45 - 54,M,asian,Full time,2 to less than 4 years,3,0.7333333333333334,0.7333333333333334,0.8666666666666667,0.7200000000000001,0.8666666666666667,0.784,326,1970,28
321,321,641,Underwriter,Compton,Nestor,44.0,Finance & Admin,Underwriting,"Mountain View, CA",25 - 34,M,white,Full time,6 months to less than 1 year,1,0.6,0.5333333333333333,0.8666666666666667,0.8,0.9333333333333332,0.7466666666666666,327,1988,8
322,322,487,Underwriter,Skinner,Amy,44.0,Finance & Admin,Underwriting,"Mountain View, CA",45 - 54,F,white,Full time,1 to less than 2 years,2,0.8000000000000002,0.6,0.7333333333333334,0.8,0.7999999999999999,0.7466666666666667,328,1970,16
323,323,4,Senior Underwriter,Deleon,Josephine,44.0,Finance & Admin,Underwriting,"Mountain View, CA",25 - 34,F,asian,Full time,4 to less than 6 years,4,0.9333333333333332,0.9333333333333332,0.9333333333333332,0.8,0.9333333333333332,0.9066666666666666,329,1995,72
324,324,337,Underwriter,Perez,Katy,44.0,Finance & Admin,Underwriting,"Mountain View, CA",25 - 34,F,hispanic,Full time,1 to less than 2 years,2,0.7333333333333334,0.5333333333333333,0.6666666666666666,0.68,0.7333333333333334,0.6693333333333333,330,1993,23
325,325,175,Manager of Underwriting,Ortiz,Frankie,531.0,Finance & Admin,Underwriting,"Mountain View, CA",55 - 64,F,hispanic,Full time,2 to less than 4 years,3,0.8000000000000002,0.5333333333333333,0.6000000000000001,0.76,0.7333333333333334,0.6853333333333333,331,1961,41
326,326,658,Senior Underwriter,Parker,Dana,175.0,Finance & Admin,Underwriting,"Mountain View, CA",35 - 44,F,white,Full time,6 months to less than 1 year,1,0.7999999999999999,0.6,0.9333333333333332,0.8,0.8666666666666667,0.7999999999999999,332,1979,7
327,327,208,Senior Underwriter,Hughes,Tyrese,175.0,Finance & Admin,Underwriting,"Mountain View, CA",18 - 24,M,white,Full time,2 to less than 4 years,3,0.7999999999999999,0.7999999999999999,0.9333333333333332,0.8799999999999999,0.8000000000000002,0.8426666666666666,333,2001,38
328,328,352,Senior Underwriter,Mitchell,Barbara,175.0,Finance & Admin,Underwriting,"Mountain View, CA",55 - 64,F,african_american,Full time,1 to less than 2 years,2,0.8000000000000002,0.6666666666666666,0.7333333333333334,0.76,0.6666666666666666,0.7253333333333333,334,1957,22
329,329,693,Senior Underwriter,Solomon,Kathleen,175.0,Finance & Admin,Underwriting,"Mountain View, CA",25 - 34,F,white,Full time,less than 6 months,0,0.7999999999999999,0.6666666666666666,0.9333333333333332,0.8400000000000001,0.8666666666666667,0.8213333333333335,335,1995,5
330,330,690,Underwriter,Thompson,Connor,175.0,Finance & Admin,Underwriting,"Mountain View, CA",18 - 24,M,african_american,Full time,less than 6 months,0,0.6666666666666666,0.6666666666666666,0.7333333333333334,0.7200000000000001,0.7333333333333334,0.704,336,1997,5
331,331,724,Underwriter,Williams,Catherine,175.0,Finance & Admin,Underwriting,"Mountain View, CA",55 - 64,F,mixed_race,Full time,less than 6 months,0,0.6666666666666666,0.7333333333333334,0.6000000000000001,0.76,0.6666666666666666,0.6853333333333332,337,1958,2
332,332,266,Senior Underwriter,Campbell,Judith,175.0,Finance & Admin,Underwriting,"Mountain View, CA",35 - 44,F,african_american,Full time,2 to less than 4 years,3,0.7333333333333334,0.6666666666666666,0.7333333333333334,0.68,0.7333333333333334,0.7093333333333334,338,1981,29
333,333,631,Underwriter,Taylor,Amy,175.0,Finance & Admin,Underwriting,"Mountain View, CA",35 - 44,F,white,Part time,6 months to less than 1 year,1,0.7333333333333334,0.4666666666666666,0.8666666666666667,0.8,0.8666666666666667,0.7466666666666666,339,1979,9
334,334,165,Underwriter,Park,Emilie,175.0,Finance & Admin,Underwriting,"Mountain View, CA",45 - 54,F,asian,Full time,2 to less than 4 years,3,0.7333333333333334,0.6666666666666666,0.8666666666666667,0.8,0.7333333333333334,0.76,340,1976,43
335,335,436,Manager of HR,Bradley,Andrea,458.0,Finance & Admin,Human Resources,"Mountain View, CA",25 - 34,F,white,Part time,1 to less than 2 years,2,0.6666666666666666,0.4666666666666666,0.8666666666666667,0.8400000000000001,0.8666666666666667,0.7413333333333333,341,1991,19
336,336,442,HR Analyst,Hart,Kimberly,436.0,Finance & Admin,Human Resources,"Mountain View, CA",45 - 54,F,white,Full time,1 to less than 2 years,2,0.6,0.6666666666666666,0.8000000000000002,0.8400000000000001,0.8666666666666667,0.7546666666666668,342,1976,19
337,337,568,HR Analyst,Edwards,Mark,436.0,Finance & Admin,Human Resources,"Mountain View, CA",25 - 34,M,mixed_race,Full time,1 to less than 2 years,2,0.7333333333333334,0.6666666666666666,0.6,0.64,0.6666666666666666,0.6613333333333333,343,1989,13
338,338,289,HR Analyst,Lee,Pooja,436.0,Finance & Admin,Human Resources,"Mountain View, CA",18 - 24,F,asian,Full time,2 to less than 4 years,3,0.7999999999999999,0.6000000000000001,0.7333333333333334,0.64,0.8000000000000002,0.7146666666666668,344,1998,27
339,339,757,HR Analyst,Parker,Brianna,436.0,Finance & Admin,Human Resources,"Mountain View, CA",25 - 34,F,white,Full time,less than 6 months,0,0.7333333333333334,0.6,0.8666666666666667,0.8799999999999999,0.8666666666666667,0.7893333333333333,345,1995,1
340,340,162,Manager of Recruitment,Brewer,Laura,458.0,Finance & Admin,Human Resources,"Mountain View, CA",55 - 64,F,white,Full time,2 to less than 4 years,3,0.8000000000000002,0.5333333333333333,1.0,0.8400000000000001,0.9333333333333332,0.8213333333333335,346,1963,44
341,341,89,Recruiter,Robertson,Leann,162.0,Finance & Admin,Human Resources,"Mountain View, CA",35 - 44,F,white,Full time,4 to less than 6 years,4,0.9333333333333332,0.7999999999999999,0.8666666666666667,0.92,1.0,0.904,347,1985,54
342,342,715,Recruiter,Davis,Corey,162.0,Finance & Admin,Human Resources,"Mountain View, CA",45 - 54,M,white,Part time,less than 6 months,0,0.7333333333333334,0.6,0.8666666666666667,0.8400000000000001,1.0,0.808,348,1975,3
343,343,627,Recruiter,Daniels,Makenna,162.0,Finance & Admin,Human Resources,"Mountain View, CA",25 - 34,F,white,Full time,6 months to less than 1 year,1,0.7333333333333334,0.6666666666666666,0.7333333333333334,0.8,0.9333333333333332,0.7733333333333333,349,1994,9
344,344,603,Senior Recruiter,Roberts,Ethan,162.0,Finance & Admin,Human Resources,"Mountain View, CA",18 - 24,M,white,Part time,6 months to less than 1 year,1,0.7333333333333334,0.4666666666666666,0.6666666666666666,0.8799999999999999,0.8666666666666667,0.7226666666666667,350,1998,11
345,345,132,Recruiter,Mccarthy,Laura,162.0,Finance & Admin,Human Resources,"Mountain View, CA",35 - 44,F,white,Full time,2 to less than 4 years,3,0.7999999999999999,0.8666666666666667,1.0,0.8799999999999999,0.8666666666666667,0.8826666666666666,351,1982,47
346,346,498,Recruiter,Williams,Shauna,162.0,Finance & Admin,Human Resources,"Mountain View, CA",25 - 34,F,white,Full time,1 to less than 2 years,2,0.6666666666666666,0.6666666666666666,0.7333333333333334,0.8799999999999999,0.9333333333333332,0.7759999999999999,352,1991,16
347,347,573,Recruiter,Chen,Roni,162.0,Finance & Admin,Human Resources,"Mountain View, CA",55 - 64,F,asian,Full time,1 to less than 2 years,2,0.7333333333333334,0.5333333333333333,0.6,0.8,0.7333333333333334,0.68,353,1963,13
348,348,218,Recruiter,Hill,Marlene,162.0,Finance & Admin,Human Resources,"Mountain View, CA",35 - 44,F,white,Full time,2 to less than 4 years,3,0.7333333333333334,0.7333333333333334,0.7999999999999999,0.76,0.9333333333333332,0.7919999999999999,354,1984,36
349,349,624,Marketing Manager,Patel,Tina,547.0,Finance & Admin,Channel Marketing,"New York, NY",45 - 54,F,asian,Full time,6 months to less than 1 year,1,0.7333333333333334,0.6666666666666666,0.6666666666666666,0.8,0.7333333333333334,0.72,355,1967,9
350,350,545,Senior Marketing Analyst,Rogers,Hope,624.0,Finance & Admin,Channel Marketing,"New York, NY",35 - 44,F,mixed_race,Full time,1 to less than 2 years,2,0.6,0.6,0.8666666666666667,0.64,0.6,0.6613333333333333,356,1978,14
351,351,188,Marketing Analyst,Boyd,Mary,624.0,Finance & Admin,Channel Marketing,"New York, NY",25 - 34,F,african_american,Part time,2 to less than 4 years,3,0.7333333333333334,0.6,0.6,0.76,0.7333333333333334,0.6853333333333333,357,1990,40
352,352,720,Senior Marketing Analyst,Brown,Yaneth,624.0,Finance & Admin,Channel Marketing,"New York, NY",18 - 24,F,white,Full time,less than 6 months,0,0.8000000000000002,0.7333333333333334,0.8000000000000002,0.8400000000000001,0.8666666666666667,0.8080000000000002,358,1998,3
353,353,313,Marketing Analyst,Mason,Tiffany,624.0,Finance & Admin,Channel Marketing,"New York, NY",35 - 44,F,african_american,Full time,2 to less than 4 years,3,0.7333333333333334,0.6666666666666666,0.6,0.64,0.3333333333333333,0.5946666666666667,359,1980,24
354,354,726,Senior Marketing Analyst,Johnson,Colin,624.0,Finance & Admin,Channel Marketing,"New York, NY",25 - 34,M,white,Full time,less than 6 months,0,0.8000000000000002,0.6666666666666666,0.8000000000000002,0.92,0.8666666666666667,0.8106666666666668,360,1987,2
355,355,107,Marketing Analyst,Smith,Steven,624.0,Finance & Admin,Channel Marketing,"New York, NY",35 - 44,M,white,Full time,4 to less than 6 years,4,0.8666666666666667,0.7333333333333334,0.8000000000000002,0.8,0.8000000000000002,0.8,361,1983,49
356,356,66,Senior Marketing Analyst,Vo,Christa,624.0,Finance & Admin,Channel Marketing,"New York, NY",35 - 44,F,asian,Full time,4 to less than 6 years,4,0.8666666666666667,0.7333333333333334,0.8666666666666667,0.8400000000000001,0.8666666666666667,0.8346666666666668,362,1981,58
357,357,495,Marketing Manager,Romero,Melissa,547.0,Finance & Admin,Marketing,"New York, NY",35 - 44,F,hispanic,Full time,1 to less than 2 years,2,0.8000000000000002,0.5333333333333333,0.7333333333333334,0.6,0.6,0.6533333333333334,363,1983,16
358,358,169,Marketing Analyst,Cunningham,Lindsay,495.0,Finance & Admin,Marketing,"New York, NY",35 - 44,F,white,Full time,2 to less than 4 years,3,0.7333333333333334,0.7333333333333334,0.8666666666666667,0.8,0.8666666666666667,0.8,364,1985,42
359,359,135,Marketing Analyst,Morales,Sirena,495.0,Finance & Admin,Marketing,"New York, NY",25 - 34,F,hispanic,Full time,2 to less than 4 years,3,0.8666666666666667,0.6666666666666666,0.6666666666666666,0.68,0.6666666666666666,0.7093333333333333,365,1995,47
360,360,108,Senior Marketing Analyst,Lee,Karla,495.0,Finance & Admin,Marketing,"New York, NY",25 - 34,F,asian,Full time,4 to less than 6 years,4,0.9333333333333332,0.8000000000000002,0.7333333333333334,0.8400000000000001,0.8666666666666667,0.8346666666666668,366,1992,49
361,361,713,Senior Marketing Analyst,Person,Rodney,495.0,Finance & Admin,Marketing,"New York, NY",45 - 54,M,hispanic,Full time,less than 6 months,0,0.6666666666666666,0.7333333333333334,0.6,0.7200000000000001,0.6666666666666666,0.6773333333333333,367,1971,4
362,362,27,Marketing Analyst,Kim,Virginia,495.0,Finance & Admin,Marketing,"New York, NY",45 - 54,F,asian,Full time,4 to less than 6 years,4,0.8666666666666667,0.9333333333333332,0.8000000000000002,0.8400000000000001,0.9333333333333332,0.8746666666666668,368,1976,66
363,363,194,Senior Marketing Analyst,Gross,Ellen,495.0,Finance & Admin,Marketing,"New York, NY",35 - 44,F,white,Full time,2 to less than 4 years,3,0.7999999999999999,0.6666666666666666,0.7999999999999999,0.8400000000000001,0.8666666666666667,0.7946666666666666,369,1978,39
364,364,741,Marketing Analyst,Jones,James,495.0,Finance & Admin,Marketing,"New York, NY",18 - 24,M,white,Full time,less than 6 months,0,0.8666666666666667,0.5333333333333333,0.8000000000000002,0.8,0.8000000000000002,0.76,370,1997,2
365,365,369,Senior Marketing Analyst,Hartman,Dolores,495.0,Finance & Admin,Marketing,"New York, NY",55 - 64,F,white,Full time,1 to less than 2 years,2,0.7999999999999999,0.6666666666666666,0.7333333333333334,0.76,0.8666666666666667,0.7653333333333333,371,1957,21
366,366,57,Manager of Compliance,Patel,Katherine,68.0,Engineering,Compliance,"Mountain View, CA",25 - 34,F,asian,Full time,4 to less than 6 years,4,1.0,0.9333333333333332,0.8666666666666667,0.8400000000000001,0.8666666666666667,0.9013333333333332,372,1987,61
367,367,473,Compliance Analyst,Zavala,Daniel,57.0,Engineering,Compliance,"Mountain View, CA",45 - 54,M,hispanic,Full time,1 to less than 2 years,2,0.6666666666666666,0.6,0.7333333333333334,0.7200000000000001,0.6666666666666666,0.6773333333333333,373,1974,17
368,368,483,Compliance Analyst,Beltran,Gordon,57.0,Engineering,Compliance,"Mountain View, CA",35 - 44,M,hispanic,Full time,1 to less than 2 years,2,0.7333333333333334,0.6666666666666666,0.6,0.68,0.6,0.656,374,1984,17
369,369,123,Compliance Analyst,Peterson,Kenneth,57.0,Engineering,Compliance,"Mountain View, CA",45 - 54,M,white,Full time,2 to less than 4 years,3,0.8666666666666667,0.6666666666666666,1.0,0.92,0.9333333333333332,0.8773333333333333,375,1972,47
370,370,760,Compliance Analyst,Garcia,Theodore,57.0,Engineering,Compliance,"Mountain View, CA",35 - 44,M,mixed_race,Full time,less than 6 months,0,0.7999999999999999,0.6,0.6,0.76,0.7333333333333334,0.6986666666666667,376,1978,1
371,371,41,Manager of Compliance,Gregory,Gregory,68.0,Engineering,Compliance,"Mountain View, CA",35 - 44,M,white,Full time,4 to less than 6 years,4,0.9333333333333332,0.7333333333333334,1.0,0.92,1.0,0.9173333333333332,377,1978,64
372,372,513,Compliance Analyst,Choi,Michael,41.0,Engineering,Compliance,"Mountain View, CA",35 - 44,M,asian,Full time,1 to less than 2 years,2,0.7333333333333334,0.6,0.7333333333333334,0.72,0.8000000000000002,0.7173333333333335,378,1979,15
373,373,115,Senior Compliance Analyst,Williams,Brandon,41.0,Engineering,Compliance,"Mountain View, CA",35 - 44,M,white,Full time,4 to less than 6 years,4,0.9333333333333332,0.8000000000000002,0.9333333333333332,0.8800000000000001,1.0,0.9093333333333332,379,1983,49
374,374,604,Compliance Analyst,Chen,Christopher,41.0,Engineering,Compliance,"Mountain View, CA",25 - 34,M,asian,Full time,6 months to less than 1 year,1,0.8666666666666667,0.7333333333333334,0.7999999999999999,0.8,0.9333333333333332,0.8266666666666668,380,1993,11
375,375,685,Loan Officer,Lucero,Irma,600.0,Loan Operations,VA Loans,"New York, NY",35 - 44,F,mixed_race,Part time,less than 6 months,0,0.8000000000000002,0.6666666666666666,0.6666666666666666,0.76,0.8000000000000002,0.7386666666666668,42,1985,6
376,376,470,Loan Officer,Hughes,Brian,600.0,Loan Operations,VA Loans,"New York, NY",35 - 44,M,white,Part time,1 to less than 2 years,2,0.6666666666666666,0.6666666666666666,0.7333333333333334,0.8,0.8666666666666667,0.7466666666666666,45,1980,17
377,377,237,Senior Loan Officer,Smith,Kristie,307.0,Loan Operations,South Lending,"Atlanta, GA",65+,F,hispanic,Full time,2 to less than 4 years,3,0.7333333333333334,0.6000000000000001,0.7333333333333334,0.76,0.7333333333333334,0.7120000000000001,81,1953,34
378,378,151,Loan Officer,Hill,Claribel,183.0,Loan Operations,Midwest Lending,"Chicago, IL",25 - 34,F,mixed_race,Full time,2 to less than 4 years,3,0.8000000000000002,0.7333333333333334,0.7333333333333334,0.7200000000000001,0.8000000000000002,0.7573333333333335,94,1992,45
379,379,7,Senior Underwriter,Bailey,Kristopher,458.0,Finance & Admin,Underwriting,"Mountain View, CA",25 - 34,M,asian,Full time,4 to less than 6 years,4,0.8666666666666667,0.9333333333333332,1.0,0.92,0.9333333333333332,0.9306666666666666,106,1988,71
380,380,190,Designer,Wheeler,Stephanie,85.0,Product,User Experience / User Interface,"New York, NY",35 - 44,F,white,Full time,2 to less than 4 years,3,0.8666666666666667,0.7999999999999999,0.8000000000000002,0.76,0.9333333333333332,0.8320000000000001,153,1981,40
